"#","Name","Color","Parent","Start","Stop","Icon","Description","Namechange_1","When_1","Description_1","Namechange_2","When_2","Description_2",X1,X2,X3
"N","Debian","#bf1238",NA,"1993.8.16",NA,"images/debian.svg","http://www.debian.org",NA,NA,NA,NA,NA,NA,NA,NA,NA
"N","Libranet","#0169c9","Debian","1999.11.9","2005.4.25",NA,"http://en.wikipedia.org/wiki/Libranet",NA,NA,NA,NA,NA,NA,NA,NA,NA
"N","Corel","#ecba5b","Debian","1999.9","2008.8.2",NA,"http://en.wikipedia.org/wiki/Corel_Linux","Xandros","2001.8.29","http://www.xandros.com/",NA,NA,NA,NA,NA,NA
"N","Storm","#2a2a98","Debian","1999.12","2001.4",NA,"http://www.stormlinux.com/",NA,NA,NA,NA,NA,NA,NA,NA,NA
"N","Omoikane (Arma)","#bfd0d6","Debian","2000.2",NA,NA,"http://www.omoikane.co.jp/",NA,NA,NA,NA,NA,NA,NA,NA,NA
"N","Knoppix","#c7bff0","Debian","2000.9.30",NA,NA,"http://www.knoppix.net/",NA,NA,NA,NA,NA,NA,NA,NA,NA
"N","Kurumin","#42328e","Knoppix","2003.2.18","2009.1.29",NA,"http://www.gdhpress.com.br/kurumin/",NA,NA,NA,NA,NA,NA,NA,NA,NA
"N","Dizinha","#88bff7","Kurumin","2004.1.4","2008",NA,"http://dizinha.codigolivre.org.br/",NA,NA,NA,NA,NA,NA,NA,NA,NA
"N","NeoDizinha","#b6dbf6","Dizinha","2006.5",NA,NA,"http://neodizinha.web44.net/","Patinho Faminto","2006.8","http://neodizinha.web44.net/",NA,NA,NA,NA,NA,NA
"N","Kalango","#a0a067","Kurumin","2004.2.1","2006.11.7",NA,"http://pt.wikipedia.org/wiki/Kalango_Linux",NA,NA,NA,NA,NA,NA,NA,NA,NA
"N","Poseidon","#42328e","Kurumin","2005.3.10",NA,NA,"http://www.poseidonlinux.org/",NA,NA,NA,NA,NA,NA,NA,NA,NA
"N","Quantian","#3366dd","Knoppix","2003.3.6","2006.3.1",NA,"http://dirk.eddelbuettel.com/quantian.html",NA,NA,NA,NA,NA,NA,NA,NA,NA
"N","Damn Small Linux","#cb9340","Knoppix","2003.6",NA,NA,"http://www.damnsmalllinux.org/",NA,NA,NA,NA,NA,NA,NA,NA,NA
"N","Hikarunix","#e48535","Damn Small Linux","2004.9.17","2005.9.21",NA,"http://www.assembla.com/wiki/show/Hikarunix",NA,NA,NA,NA,NA,NA,NA,NA,NA
"N","DSL-N","#000","Damn Small Linux","2006.5.8","2006.8.24",NA,"http://www.damnsmalllinux.org/dsl-n/",NA,NA,NA,NA,NA,NA,NA,NA,NA
"N","Damn Vulnerable Linux","#ef0101","Damn Small Linux","2006.11","2010.12",NA,"http://www.damnvulnerablelinux.org/",NA,NA,NA,NA,NA,NA,NA,NA,NA
"N","Morphix","#8b8b8b","Knoppix","2003.3.19","2010.3.29",NA,"http://www.morphix.org/",NA,NA,NA,NA,NA,NA,NA,NA,NA
"N","Hiwix","#376e08","Morphix","2004.2.28",NA,NA,"http://www.linuxsir.org/bbs/showthread.php?t=92689","Hiweed","2004.3.3","http://zh.wikipedia.org/zh-tw/Linux_Deepin","Deepin","2009.12","http://linux.deepin.org/",NA,NA,NA
"N","Aquamorph","#38587c","Morphix","2004.5",NA,NA,"http://aquariusoft.org/page/linux/aquamorph/",NA,NA,NA,NA,NA,NA,NA,NA,NA
"N","ZoneCD","#020202","Morphix","2004.6","2005.11.16",NA,"http://www.publicip.net/",NA,NA,NA,NA,NA,NA,NA,NA,NA
"N","Dreamlinux","#009c9c","Morphix","2006.2.12","2012.9",NA,"http://www.dreamlinux.info/",NA,NA,NA,NA,NA,NA,NA,NA,NA
"N","Danix","#3b679f","Knoppix","2003.11.5",NA,NA,"http://www.danix.cz/",NA,NA,NA,NA,NA,NA,NA,NA,NA
"N","Shabdix","#f64f67","Knoppix","2003.12.26","2004.9",NA,"http://shabdix.berlios.de/",NA,NA,NA,NA,NA,NA,NA,NA,NA
"N","INSERT","#003399","Knoppix","2003.8.1","2007.2.27",NA,"http://www.inside-security.de/insert_en.html",NA,NA,NA,NA,NA,NA,NA,NA,NA
"N","KnoppMyth","#92bac4","Knoppix","2003.8.8","2009.1.28",NA,"http://mysettopbox.tv/knoppmyth.html",NA,NA,NA,NA,NA,NA,NA,NA,NA
"N","Medialinux","#778888","Knoppix","2003.11",NA,NA,"http://www.linuxfordevices.com/c/a/News/Introducing-MediaLinux-a-new-realtime-Linux-approach/","Mediainlinux","2004.7","http://distrowatch.com/table.php?distribution=artistx","ArtistX","2006.11","www.artistx.org/",NA,NA,NA
"N","Kanotix","#c8b582","Knoppix","2003.12.24",NA,NA,"http://www.kanotix.com/",NA,NA,NA,NA,NA,NA,NA,NA,NA
"N","Auditor Security Linux","#5c7152","Kanotix","2004.5.20",NA,NA,"http://en.wikipedia.org/wiki/Auditor_Security_Collection","Backtrack","2006.5.26","http://www.backtrack-linux.org/",NA,NA,NA,NA,NA,NA
"N","Parsix","#e48535","Kanotix","2005.1.25",NA,NA,"http://www.parsix.org/html/index.php",NA,NA,NA,NA,NA,NA,NA,NA,NA
"N","Feather","#828282","Knoppix","2003.12","2005.7.4",NA,"http://featherlinux.berlios.de/",NA,NA,NA,NA,NA,NA,NA,NA,NA
"N","Bioknoppix","#5e4ab0","Knoppix","2004.2.20","2004.8.13",NA,"http://bioknoppix.hpcf.upr.edu/",NA,NA,NA,NA,NA,NA,NA,NA,NA
"N","Joatha","#e55522","Knoppix","2004.4",NA,NA,"http://code.google.com/p/joatha/",NA,NA,NA,NA,NA,NA,NA,NA,NA
"N","MAX","#477dbe","Knoppix","2004.5.27",NA,NA,"http://www.educa2.madrid.org/web/max",NA,NA,NA,NA,NA,NA,NA,NA,NA
"N","B2D","#99ccff","Knoppix","2004.6","2010.5.16",NA,"http://b2d-linux.com/",NA,"INFO:","http://ftp.at.linuxfromscratch.org/.vhost/distrowatch.com/weekly.php?issue=20041011",NA,NA,NA,NA,NA,NA
"N","Kaella","#be2800","Knoppix","2004.7",NA,NA,"http://www.kaella.org/",NA,NA,NA,NA,NA,NA,NA,NA,NA
"N","Whoppix","#445fff","Knoppix","2004.8","2006.2.5",NA,"http://swik.net/WHoppix","WHAX","2005.7.3","http://distrowatch.com/table.php?distribution=whoppix",NA,NA,NA,NA,NA,NA
"N","Symphony OS","#d41316","Knoppix","2005.5.12",NA,NA,"http://symphonyos.com/",NA,NA,NA,NA,NA,NA,NA,NA,NA
"N","ParallelKnoppix","#a0553c","Knoppix","2005.4.25","2008.3.1",NA,"http://pareto.uab.es/mcreel/ParallelKnoppix/",NA,NA,NA,NA,NA,NA,NA,NA,NA
"N","Musix","#000064","Knoppix","2005.9.12",NA,NA,"http://www.musix.org.ar/en/index.html",NA,NA,NA,NA,NA,NA,NA,NA,NA
"N","Gibraltar","#f00","Debian","2000.7.31",NA,NA,"http://www.gibraltar.at/",NA,NA,NA,NA,NA,NA,NA,NA,NA
"N","LEAF","#00b4d7","Debian","2000.10.29",NA,NA,"http://leaf.sourceforge.net/",NA,NA,NA,NA,NA,NA,NA,NA,NA
"N","Progeny","#121356","Debian","2001.4.9","2007.4.30",NA,"http://en.wikipedia.org/wiki/Progeny_Linux_Systems",NA,NA,NA,NA,NA,NA,NA,NA,NA
"N","Skolelinux","#e0b1b7","Debian","2001.7.2",NA,NA,"http://www.slx.no/",NA,NA,NA,NA,NA,NA,NA,NA,NA
"N","DeMuDi","#be41e3","Debian","2001.7.19","2006",NA,"http://wiki.debian.org/DebianMultimedia",NA,NA,NA,NA,NA,NA,NA,NA,NA
"N","64Studio","#ABBEE4","DeMuDi","2005.4",NA,NA,"http://www.64studio.com",NA,NA,NA,NA,NA,NA,NA,NA,NA
"N","Lindows","#3b806e","Debian","2001.8","2008.8.2",NA,"http://en.wikipedia.org/wiki/Lindows","Linspire","2004.0.0","http://www.linspire.com/",NA,NA,NA,NA,NA,NA
"N","Freespire","#007197","Lindows","2006.4.24","2008.10.19",NA,"http://www.freespire.org/",NA,NA,NA,NA,NA,NA,NA,NA,NA
"N","gnuLiNex","#30632a","Debian","2002.6.9","2011.12.31",NA,"http://www.gnulinex.org/",NA,NA,NA,NA,NA,NA,NA,NA,NA
"N","Lihuen","#b3c4ac","gnuLiNex","2005.9.1",NA,NA,"http://lihuen.info.unlp.edu.ar/",NA,NA,NA,NA,NA,NA,NA,NA,NA
"N","Rxart","#666666","Debian","2002.12",NA,NA,"http://www.pixartargentina.com.ar/",NA,NA,NA,NA,NA,NA,NA,NA,NA
"N","BlackRhino","#000","Debian","2003.3.4","2007.5",NA,"http://web.archive.org/web/20080228074951/http://blackrhino.xrhino.com/main.php?page=news",NA,NA,NA,NA,NA,NA,NA,NA,NA
"N","miniwoody","#12ad12","Debian","2003.3.15","2004.1.14",NA,"http://www.pro-linux.de/news/1/5322/miniwoody-10.html","Bonzai","2003.5.20","http://distrowatch.com/table.php?distribution=bonzai",NA,NA,NA,NA,NA,NA
"N","MEPIS","#8598c0","Debian","2003.5",NA,NA,"https://www.mepis.org/","SimplyMEPIS","2004.9.7","https://www.mepis.org/",NA,NA,NA,NA,NA,NA
"N","antiX","#443300","MEPIS","2007.8.22",NA,NA,"http://antix.mepis.com/",NA,NA,NA,NA,NA,NA,NA,NA,NA
"N","Swift","#00ae01","antiX","2010.11.15",NA,NA,"http://www.swiftlinux.org/",NA,NA,NA,NA,NA,NA,NA,NA,NA
"N","ASLinux","#e3763f","Debian","2003.10.1",NA,NA,"http://www.activasistemas.com/index.php?id=7",NA,NA,NA,NA,NA,NA,NA,NA,NA
"N","Impi","#050505","Debian","2003.11.1","2006.1",NA,"http://en.wikipedia.org/wiki/Impi_Linux",NA,NA,NA,NA,NA,NA,NA,NA,NA
"N","Xebian","#dfdfdf","Debian","2003.12.17","2005.6.28",NA,"http://web.archive.org/web/20031230131115/http://www.xbox-linux.org/",NA,NA,NA,NA,NA,NA,NA,NA,NA
"N","Bluewall","#4bb8c9","Debian","2004.1.6","2006.2.5",NA,"http://distrowatch.com/table.php?distribution=bluewall",NA,NA,NA,NA,NA,NA,NA,NA,NA
"N","Amber","#ff9900","Debian","2004.2","2006.4",NA,"http://distrowatch.com/table.php?distribution=amber",NA,NA,NA,NA,NA,NA,NA,NA,NA
"N","K-DEMar","#416db7","Debian","2004.2.14",NA,NA,"http://distrowatch.com/table.php?distribution=kdemar","kademar","2009.6.6","http://www.kademar.org/",NA,NA,NA,NA,NA,NA
"N","Guadalinex","#369036","Debian","2004.2.24",NA,NA,"http://www.guadalinex.org/",NA,NA,NA,NA,NA,NA,NA,NA,NA
"N","Euronode","#ff2222","Debian","2004.3.13","2006.1.10",NA,"http://euronode.org/",NA,"INFO:","http://web.archive.org/web/20071001144149/http://euronode.org/",NA,NA,NA,NA,NA,NA
"N","DRBL","#333","Debian","2004.4.1",NA,NA,"http://drbl.org/",NA,NA,NA,NA,NA,NA,NA,NA,NA
"N","DeadCD","#9bb657","Debian","2004.4","2006.6",NA,"http://distrowatch.com/table.php?distribution=olive","Olive","2006.5","http://distrowatch.com/table.php?distribution=olive",NA,NA,NA,NA,NA,NA
"N","Clonezilla Live","#f79f5d","Debian","2004.5",NA,NA,"http://clonezilla.org/",NA,NA,NA,NA,NA,NA,NA,NA,NA
"N","Underground Desktop","#cc3344","Debian","2004.6","2006.10.14",NA,"http://distrowatch.com/table.php?distribution=underground",NA,NA,NA,NA,NA,NA,NA,NA,NA
"N","grml","#e7c71c","Debian","2004.8.31",NA,NA,"http://grml.org/",NA,NA,NA,NA,NA,NA,NA,NA,NA
"N","UserLinux","#ddbb66","Debian","2004.9","2005.5",NA,"http://en.wikipedia.org/wiki/UserLinux",NA,NA,NA,NA,NA,NA,NA,NA,NA
"N","Ubuntu","#675a3b","Debian","2004.10.20",NA,NA,"http://www.ubuntu.com/",NA,NA,NA,NA,NA,NA,NA,NA,NA
"N","Kubuntu","#4f5695","Ubuntu","2005.4.8",NA,NA,"http://www.kubuntu.org/",NA,NA,NA,NA,NA,NA,NA,NA,NA
"N","Bardinux","#832c6a","Kubuntu","2006.7.7",NA,NA,"http://bardinux.ull.es/",NA,NA,NA,NA,NA,NA,NA,NA,NA
"N","Ulteo","#4fb75e","Kubuntu","2006.12.7",NA,NA,"http://www.ulteo.com/",NA,NA,NA,NA,NA,NA,NA,NA,NA
"N","DEFT","#555555","Kubuntu","2007.1",NA,NA,"http://www.deftlinux.net/",NA,NA,NA,NA,NA,NA,NA,NA,NA
"N","Polippix","#66aacc","Kubuntu","2007.3.20",NA,NA,"http://polippix.org/",NA,NA,NA,NA,NA,NA,NA,NA,NA
"N","Asturix","#55cc00","Kubuntu","2009.2.5",NA,NA,"http://asturix.com/",NA,NA,NA,NA,NA,NA,NA,NA,NA
"N","Edubuntu","#a12726","Ubuntu","2005.10.13",NA,NA,"http://edubuntu.org/",NA,NA,NA,NA,NA,NA,NA,NA,NA
"N","Arabian","#225571","Ubuntu","2005.3","2009.7",NA,"http://arabian-linux.sourceforge.net/",NA,NA,NA,NA,NA,NA,NA,NA,NA
"N","nUbuntu","#702b2e","Ubuntu","2005.12.18","2010.4.4 ",NA,"http://www.nubuntu.org/",NA,NA,NA,NA,NA,NA,NA,NA,NA
"N","Xubuntu","#53525f","Ubuntu","2006.6.1",NA,NA,"http://www.xubuntu.org/",NA,NA,NA,NA,NA,NA,NA,NA,NA
"// N","Mystras OS","#DD4B39","Xubuntu","2012.2.8",NA,NA,"http://mystras.cloudfactory.eu/",NA,NA,NA,NA,NA,NA,NA,NA,NA
"// N","Xinutop",NA,"Xubuntu","2012.5.2",NA,NA,"http://marinux.pk973.org/",NA,NA,NA,NA,NA,NA,NA,NA,NA
"N","Christian Edition","#761f0c","Ubuntu","2006.7.23",NA,NA,"http://ubuntuce.com/",NA,NA,NA,NA,NA,NA,NA,NA,NA
"N","PUD","#5c7684","Ubuntu","2006.8",NA,NA,"http://xpud.org/","xPUD","2008.6.1","http://xpud.org/",NA,NA,NA,NA,NA,NA
"N","Mint","#5fec52","Ubuntu","2006.8.27",NA,NA,"http://www.linuxmint.com/",NA,NA,NA,NA,NA,NA,NA,NA,NA
"N","quantOS","#1b1b1b","Mint","2011.6.15","2012.2.28",NA,"http://www.quantsec.com/",NA,NA,NA,NA,NA,NA,NA,NA,NA
"N","Commodore OS","#66aaff","Mint","2011.11.11",NA,NA,"http://www.commodoreusa.net/",NA,NA,NA,NA,NA,NA,NA,NA,NA
"N","gNewSense","#c1b384","Ubuntu","2006.11.2",NA,NA,"http://www.gnewsense.org/",NA,NA,NA,NA,NA,NA,NA,NA,NA
"N","Satanic Edition","#f00","Ubuntu","2006.12.13",NA,NA,"http://ubuntusatanic.org/",NA,NA,NA,NA,NA,NA,NA,NA,NA
"N","Muslim Edition","#57793d","Ubuntu","2007.1.14",NA,NA,"http://distrowatch.com/table.php?distribution=sabily","Sabily","2009.5.12","http://www.sabily.org/",NA,NA,NA,NA,NA,NA
"N","Uberyl","#0066bb","Ubuntu","2007.1.16",NA,NA,"http://pollolinux.blogia.com/","ComFusion","2007.7.31","http://www.comfusion.es/",NA,NA,NA,NA,NA,NA
"N","Madbox","#666666","Ubuntu","2007.3.17",NA,NA,"http://madbox.tuxfamily.org/",NA,NA,NA,NA,NA,NA,NA,NA,NA
"N","Ubuntu Studio","#0099ee","Ubuntu","2007.5.10",NA,NA,"http://ubuntustudio.org/",NA,NA,NA,NA,NA,NA,NA,NA,NA
"N","Kiwi","#f4b75e","Ubuntu","2007.10.1",NA,NA,"http://www.kiwilinux.org/",NA,NA,NA,NA,NA,NA,NA,NA,NA
"N","Geubuntu","#ee8354","Ubuntu","2007.9.13",NA,NA,"http://opengeu.intilinux.com/","OpenGEU","2008.1.13","http://opengeu.intilinux.com/",NA,NA,NA,NA,NA,NA
"N","Greenie","#829b1a","Ubuntu","2007.9.14",NA,NA,"http://greenie.datagen.sk/",NA,NA,NA,NA,NA,NA,NA,NA,NA
"N","Ubuntulite","#60b3ff","Ubuntu","2007.9",NA,NA,"http://u-lite.org/","U-lite","2008.11.6","http://u-lite.org/",NA,NA,NA,NA,NA,NA
"N","Fluxbuntu","#53ff5f","Ubuntu","2007.10",NA,NA,"http://www.fluxbuntu.org/",NA,NA,NA,NA,NA,NA,NA,NA,NA
"N","Mythbuntu","#000","Ubuntu","2007.6.4",NA,NA,"http://www.mythbuntu.org/",NA,NA,NA,NA,NA,NA,NA,NA,NA
"N","Moblin","#3366bb","Ubuntu","2007.7","2008.8",NA,"http://moblin.org/",NA,NA,NA,NA,NA,NA,NA,NA,NA
"N","gOS","#60b384","Ubuntu","2007.11.1","2009.1.3",NA,"http://www.thinkgos.com/",NA,NA,NA,NA,NA,NA,NA,NA,NA
"N","Eeebuntu","#669ad0","Ubuntu","2007.12",NA,NA,"http://eeebuntu.org/","Aurora OS","2010.6","http://auroraos.org/",NA,NA,NA,NA,NA,NA
"N","CrunchBang","#000","Ubuntu","2008.1.22",NA,NA,"http://crunchbanglinux.org/",NA,NA,NA,NA,NA,NA,NA,NA,NA
"N","Zebuntu","#c8ff00","Ubuntu","2008.2.15",NA,NA,"http://www.zevenos.com/","ZevenOS","2008.12.19","http://www.zevenos.com/",NA,NA,NA,NA,NA,NA
"N","Ubuntu Rescue Remix","#ddaa11","Ubuntu","2008.3.6",NA,NA,"http://ubuntu-rescue-remix.org/",NA,NA,NA,NA,NA,NA,NA,NA,NA
"N","Ultimate Edition","#999999","Ubuntu","2008.5",NA,NA,"http://ultimateedition.info",NA,NA,NA,NA,NA,NA,NA,NA,NA
"N","Ubuntu eee","#c8ff84","Ubuntu","2008.6.9",NA,NA,"http://www.geteasypeasy.com/","Easy Peasy","2009.1.5","http://www.geteasypeasy.com/",NA,NA,NA,NA,NA,NA
"N","Leeenux","#2e5f5a","Ubuntu eee","2009.10.17",NA,NA,"http://www.leeenux-linux.com/",NA,NA,NA,NA,NA,NA,NA,NA,NA
"N","Maryan","#515151","Ubuntu","2008.8.1",NA,NA,"http://www.maryanlinux.com/",NA,NA,NA,NA,NA,NA,NA,NA,NA
"N","MoonOS","#4CC334","Ubuntu","2008.8.1",NA,NA,"http://www.moonos.org/",NA,NA,NA,NA,NA,NA,NA,NA,NA
"N","Zorin OS","#055AA0","Ubuntu","2008.10",NA,NA,"http://zorin-os.webs.com/",NA,NA,NA,NA,NA,NA,NA,NA,NA
"// N","INX","#d8ac08","Ubuntu","2008.10.5",NA,NA,"http://inx.maincontent.net/",NA,NA,NA,NA,NA,NA,NA,NA,NA
"N","eBox","#f49d00","Ubuntu","2008.10.18",NA,NA,"http://ebox-platform.com/","Zentyal","2010.9.1","http://www.zentyal.com/",NA,NA,NA,NA,NA,NA
"N","CAINE","#f3a424","Ubuntu","2008.10.25",NA,NA,"http://www.caine-live.net/",NA,NA,NA,NA,NA,NA,NA,NA,NA
"N","Newtoos","#2b4083","Ubuntu","2008.11.13",NA,NA,"http://newtoos.greenie.sk/",NA,NA,NA,NA,NA,NA,NA,NA,NA
"N","XBMC Live","#4c4c4c","Ubuntu","2008.11.15",NA,NA,"http://xbmc.org/",NA,NA,NA,NA,NA,NA,NA,NA,NA
"N","Vibuntu","#bbbbbb","Ubuntu","2008.12.6 ",NA,NA,"http://blinuxman.net/projects/oldvinux.php","VINUX","2008.12.12","http://vinuxproject.org/",NA,NA,NA,NA,NA,NA
"N","A/V","#334466","Ubuntu","2009.2",NA,NA,"http://www.bandshed.net/AVLinux.html","AV","2009.5.8","http://ardour.org/node/2669",NA,NA,NA,NA,NA,NA
"N","Qimo","#1070c0","Ubuntu","2009.2.18",NA,NA,"http://www.qimo4kids.com/",NA,NA,NA,NA,NA,NA,NA,NA,NA
"N","Monomaxos","#002299","Ubuntu","2009.3",NA,NA,"http://monomaxos.com/",NA,NA,NA,NA,NA,NA,NA,NA,NA
"N","Lubuntu","#0169c9","Ubuntu","2009.4.13",NA,NA,"http://lubuntu.net/",NA,NA,NA,NA,NA,NA,NA,NA,NA
"N","Peppermint OS","#ae000e","Lubuntu","2010.4.22",NA,NA,"http://peppermintos.com/",NA,NA,NA,NA,NA,NA,NA,NA,NA
"N","wattOS","#68b03e","Ubuntu","2009.6.29",NA,NA,"http://www.planetwatt.com/",NA,NA,NA,NA,NA,NA,NA,NA,NA
"N","Chromium OS","#224488","Ubuntu","2009.7.1",NA,NA,"http://dev.chromium.org/chromium-os",NA,NA,NA,NA,NA,NA,NA,NA,NA
"N","Zenix OS","#ff8c00","Ubuntu","2009.11.9",NA,NA,"http://ubuntuforums.org/showthread.php?t=1320899",NA,NA,NA,NA,NA,NA,NA,NA,NA
"N","Ylmf","#228c2a","Ubuntu","2009.12.26",NA,NA,"http://www.ylmf.org/","StartOS","2012.3.27","http://www.startos.org/",NA,"NOTE:","From 4.0 not based on Ubuntu anymore (independent)",NA,NA,NA
"N","Element","#006600","Ubuntu","2010.2.17",NA,NA,"http://www.elementmypc.com/main/index.php",NA,NA,NA,NA,NA,NA,NA,NA,NA
"N","Netrunner","#5997de","Ubuntu","2010.3.31",NA,NA,"http://www.netrunner-os.com/",NA,NA,NA,NA,NA,NA,NA,NA,NA
"N","GnackTrack","#d73838","Ubuntu","2010.4.19",NA,NA,"http://www.gnacktrack.co.uk/",NA,NA,NA,NA,NA,NA,NA,NA,NA
"N","Dax OS","#55ccaa","Ubuntu","2010.5.1",NA,NA,"http://www.daxos.linuxerz.org/",NA,NA,NA,NA,NA,NA,NA,NA,NA
"N","Jolicloud","#37b9e3","Ubuntu","2010.7.9",NA,NA,"http://www.jolicloud.com/",NA,NA,NA,NA,NA,NA,NA,NA,NA
"N","AriOS","#6282A9","Ubuntu","2010.8.11",NA,NA,"http://arioslinux.org/",NA,NA,NA,NA,NA,NA,NA,NA,NA
"N","SecUntu","#aac8e0","Ubuntu","2010.9.1",NA,NA,"http://linux.philosweb.com/secuntu/",NA,NA,NA,NA,NA,NA,NA,NA,NA
"N","Tango Studio","#729fcf","Ubuntu","2010.9.6",NA,NA,"http://tangostudio.tuxfamily.org",NA,NA,NA,NA,NA,NA,NA,NA,NA
"N","BackBox","#2e2e2e","Ubuntu","2010.9.9",NA,NA,"http://www.backbox.org/",NA,NA,NA,NA,NA,NA,NA,NA,NA
"N","Dream Studio","#636","Ubuntu","2010.9.11",NA,NA,"http://dream.dickmacinnis.com/",NA,NA,NA,NA,NA,NA,NA,NA,NA
"N","Pinguy OS","#05a7fb","Ubuntu","2010.9.20",NA,NA,"http://pinguy-os.sourceforge.net/",NA,NA,NA,NA,NA,NA,NA,NA,NA
"// N","NodeZero","#121315","Ubuntu","2010.10.6",NA,NA,"http://netinfinity.org/",NA,NA,NA,NA,NA,NA,NA,NA,NA
"N","Bodhi","#5b860a","Ubuntu","2010.11.17",NA,NA,"http://bodhilinux.com/",NA,NA,NA,NA,NA,NA,NA,NA,NA
"// N","Blackbuntu","#000","Ubuntu","2010.12.23",NA,NA,"http://www.blackbuntu.com/",NA,NA,NA,NA,NA,NA,NA,NA,NA
"N","P@xtreme","#bb4433","Ubuntu","2011.1.8",NA,NA,"http://pxtreme.hu/",NA,NA,NA,NA,NA,NA,NA,NA,NA
"// N","iQunix OS","#8866ee","Ubuntu","2011.3.15",NA,NA,"http://iqunix.blogspot.ch/",NA,NA,NA,NA,NA,NA,NA,NA,NA
"N","Elementary OS","#999999","Ubuntu","2011.3.31",NA,NA,"http://elementaryos.org/",NA,NA,NA,NA,NA,NA,NA,NA,NA
"// N","icefeast","#0053bf","Ubuntu","2011.4.21",NA,NA,"http://icefeast.tk/",NA,NA,NA,NA,NA,NA,NA,NA,NA
"// N","Sn0wL1nuX","#88aaaa","Ubuntu","2011.5.1",NA,NA,"http://sourceforge.net/projects/sn0wl1nux/files/11/","LuninuX OS","2011.11.9","http://luninuxos.com/",NA,NA,NA,NA,NA,NA
"// N","Bigtux","#219cc5","Ubuntu","2011.6.9",NA,NA,"http://bigtux.at.ua/",NA,NA,NA,NA,NA,NA,NA,NA,NA
"// N","Jeoss","#595959","Ubuntu","2011.6.18",NA,NA,"http://www.vercot.com/~jeoss/",NA,NA,NA,NA,NA,NA,NA,NA,NA
"// N","Redo","#345278","Ubuntu","2011.7.1",NA,NA,"http://redobackup.org/",NA,NA,NA,NA,NA,NA,NA,NA,NA
"N","Pear OS","#777777","Ubuntu","2011.8.15",NA,NA,"http://www.pear-os-linux.fr/",NA,NA,NA,NA,NA,NA,NA,NA,NA
"// N","Freezy",NA,"Ubuntu","2011.11.3",NA,NA,"http://freezylinux.altervista.org/",NA,"INFO:","http://ubuntuforums.org/showthread.php?t=1874552",NA,NA,NA,NA,NA,NA
"N","Descent|OS","#0066FF","Ubuntu","2011.12.13",NA,NA,"http://www.descentos.org/",NA,NA,NA,NA,NA,NA,NA,NA,NA
"// N","Arduloko OS","#155c06","Ubuntu","2012.2.21",NA,NA,"http://arduloko.wordpress.com/",NA,NA,NA,NA,NA,NA,NA,NA,NA
"N","TorBOX","#000","Ubuntu","2012.2.29",NA,NA,"https://github.com/adrelanos/Whonix","Whonix","2012.9","https://github.com/adrelanos/Whonix",NA,NA,NA,NA,NA,NA
"// N","Hybride","#9944ff","Ubuntu","2012.5.5",NA,NA,"http://www.hybryde.org/",NA,NA,NA,NA,NA,NA,NA,NA,NA
"N","Mandragora","#000","Ubuntu","2012.5.17",NA,NA,"http://sourceforge.net/p/mandragoralinux/wiki/Home/",NA,NA,NA,NA,NA,NA,NA,NA,NA
"// N","jfLinux","#b0b366","Ubuntu","2012.5.21",NA,NA,"http://www.jflinux.org/",NA,NA,NA,NA,NA,NA,NA,NA,NA
"// N","MLIPenguin-OS",NA,"Ubuntu","2012.6.3",NA,NA,"http://sourceforge.net/projects/mlipenguinos/",NA,NA,NA,NA,NA,NA,NA,NA,NA
"N","Airinux","#b3ca88","Ubuntu","2012.6.28",NA,NA,"http://airinux.blogspot.ch/",NA,NA,NA,NA,NA,NA,NA,NA,NA
"N","Santoku","#222222","Ubuntu","2012.7.25",NA,NA,"https://santoku-linux.com/",NA,NA,NA,NA,NA,NA,NA,NA,NA
"N","Vulnix","#000","Ubuntu","2012.9.10",NA,NA,"http://www.rebootuser.com/?cat=365",NA,NA,NA,NA,NA,NA,NA,NA,NA
"N","BeatriX","#c7bff0","Debian","2004.11.24","2005.1.29",NA,"http://en.wikipedia.org/wiki/BeatrIX",NA,NA,NA,NA,NA,NA,NA,NA,NA
"N","Arco-Debian","#555555","Debian","2004.12.1",NA,NA,"http://www2.cddc.vt.edu/pub/linux/distributions/arco-debian/","Arc-Live","2008.11.25","http://arcosvn.sourceforge.net/",NA,NA,NA,NA,NA,NA
"N","MoLinux","#ad1d5a","Debian","2004.12.15",NA,NA,"http://www.molinux.info/",NA,NA,NA,NA,NA,NA,NA,NA,NA
"N","Tirwal","#e20a16","MoLinux","2005.2","2006",NA,"http://tirwal.terueldigital.es/",NA,NA,NA,NA,NA,NA,NA,NA,NA
"N","BlankOn","#0c7a00","Debian","2005.2.1",NA,NA,"http://www.blankonlinux.or.id/",NA,NA,NA,NA,NA,NA,NA,NA,NA
"N","Voyage","#005a8c","Debian","2005.2.14",NA,NA,"http://linux.voyage.hk/",NA,NA,NA,NA,NA,NA,NA,NA,NA
"N","Trisquel","#5fc8ff","Debian","2005.4",NA,NA,"http://trisquel.info/",NA,NA,NA,NA,NA,NA,NA,NA,NA
"N","LliureX","#369","Debian","2005.6.5",NA,NA,"http://lliurex.net/",NA,NA,NA,NA,NA,NA,NA,NA,NA
"N","VENENUX","#1841bd","Debian","2005.6.6",NA,NA,"http://venenux.org/",NA,NA,NA,NA,NA,NA,NA,NA,NA
"N","Elive","#ebe25f","Debian","2005.7.22",NA,NA,"http://www.elivecd.org/",NA,NA,NA,NA,NA,NA,NA,NA,NA
"N","Tuquito","#96dec8","Debian","2005.9",NA,NA,"http://www.tuquito.org.ar/",NA,NA,NA,NA,NA,NA,NA,NA,NA
"N","OS2005","#fa8700","Debian","2005.11",NA,NA,"http://maemo.org/","Maemo","2009.11","http://maemo.org/","Meego Harmattan","2011.6.21","http://maemo.org/",NA,NA,NA
"N","ThinClientOS","#bb1111","Debian","2005.11.10",NA,NA,"http://www.2x.com/",NA,NA,NA,NA,NA,NA,NA,NA,NA
"N","NepaLinux","#a02727","Debian","2005.12.22",NA,NA,"http://www.nepalinux.org/",NA,NA,NA,NA,NA,NA,NA,NA,NA
"N","Resulinux","#ff6600","Debian","2005.1.25",NA,NA,"http://www.resulinux.net/",NA,NA,NA,NA,NA,NA,NA,NA,NA
"N","Epidemic","#4da20f","Debian","2006.2.16",NA,NA,"http://www.epidemiclinux.org/",NA,NA,NA,NA,NA,NA,NA,NA,NA
"N","Vyatta","#ff9933","Debian","2006.3",NA,NA,"http://www.vyatta.org/",NA,NA,NA,NA,NA,NA,NA,NA,NA
"N","Librassoc","#9999aa","Debian","2006.3.23","2008.1.18",NA,"http://www.librassoc.be/",NA,NA,NA,NA,NA,NA,NA,NA,NA
"N","PureOS","#2337ff","Debian","2006.8.5",NA,NA,"http://pureos.org/",NA,NA,NA,NA,NA,NA,NA,NA,NA
"N","sidux","#7e7e86","Debian","2006.11.24",NA,NA,"http://www.sidux.com/","aptosid","2010.9.11","http://www.sidux.com/",NA,NA,NA,NA,NA,NA
"N","siduction","#535d6c","sidux","2011.12.21",NA,NA,"http://siduction.org/",NA,NA,NA,NA,NA,NA,NA,NA,NA
"N","BOSS","#4848d2","Debian","2007.1.10",NA,NA,"http://bosslinux.in/",NA,NA,NA,NA,NA,NA,NA,NA,NA
"N","Webconverger","#ffff00","Debian","2007.4.6",NA,NA,"http://webconverger.com/",NA,NA,NA,NA,NA,NA,NA,NA,NA
"N","PelicanHPC","#a0553c","Debian","2008.3.1",NA,NA,"http://idea.uab.es/mcreel/ParallelKnoppix/",NA,NA,NA,NA,NA,NA,NA,NA,NA
"N","GALPon MiniNo","#a9290a","Debian","2008.4",NA,NA,"http://minino.galpon.org/",NA,NA,NA,NA,NA,NA,NA,NA,NA
"N","Proxmox","#e36f1e","Debian","2008.4.15",NA,NA,"http://www.proxmox.com/",NA,NA,NA,NA,NA,NA,NA,NA,NA
"N","Estrella Roja","#f00","Debian","2008.6.11",NA,NA,"http://www.estrellaroja.info/",NA,NA,NA,NA,NA,NA,NA,NA,NA
"N","Inquisitor","#cc0000","Debian","2008.7.20",NA,NA,"http://www.inquisitor.ru/",NA,NA,NA,NA,NA,NA,NA,NA,NA
"N","Metamorphose","#5b7df7","Debian","2008.12",NA,NA,"http://www.metamorphoselinux.net/",NA,NA,NA,NA,NA,NA,NA,NA,NA
"N","Nova","#3d778a","Debian","2009.2.12",NA,NA,"http://www.nova.cu/",NA,NA,NA,NA,NA,NA,NA,NA,NA
"N","Canaima","#452f27","Debian","2009.6.5",NA,NA,"http://canaima.softwarelibre.gob.ve/",NA,NA,NA,NA,NA,NA,NA,NA,NA
"N","Tails","#6e2daf","Debian","2009.6.23",NA,NA,"https://tails.boum.org/",NA,NA,NA,NA,NA,NA,NA,NA,NA
"N","Matriux","#dd2222","Debian","2009.11.27",NA,NA,"http://www.matriux.com/",NA,NA,NA,NA,NA,NA,NA,NA,NA
"N","Semplice","#290c6a","Debian","2009.12.6",NA,NA,"http://semplice-linux.sourceforge.net/",NA,NA,NA,NA,NA,NA,NA,NA,NA
"#N","Sword OS","#70BEA3","Debian","2010.3","2010.6.25",NA,"http://swordos.wordpress.com/",NA,NA,NA,NA,NA,NA,NA,NA,NA
"N","DoudouLinux","#524592","Debian","2010.6",NA,NA,"http://doudoulinux.org/",NA,NA,NA,NA,NA,NA,NA,NA,NA
"N","Linux Mint Debian","#5fec52","Debian","2010.9.7",NA,NA,"http://linuxmint.com/",NA,NA,NA,NA,NA,NA,NA,NA,NA
"N","Progress","#2455a4","Debian","2010.11.23",NA,NA,"http://www.progress-linux.org/",NA,NA,NA,NA,NA,NA,NA,NA,NA
"N","GNUGuitarINUX","#898989","Debian","2010.12.31",NA,NA,"http://gnuguitarinux.sourceforge.net/",NA,NA,NA,NA,NA,NA,NA,NA,NA
"N","SalineOS","#485588","Debian","2011.1.17",NA,NA,"http://www.salineos.com/",NA,NA,NA,NA,NA,NA,NA,NA,NA
"N","Conducit","#115098","Debian","2011.1.19",NA,NA,"http://conducit.de/",NA,NA,NA,NA,NA,NA,NA,NA,NA
"N","Liquid Lemur","#457430","Debian","2011.2.2",NA,NA,"http://liquidlemur.org/",NA,NA,NA,NA,NA,NA,NA,NA,NA
"N","Red Ribbon","#000","Debian","2011.6.13",NA,NA,"http://redribbon.t15.org/",NA,NA,NA,NA,NA,NA,NA,NA,NA
"N","Snowlinux","#095197","Debian","2011.7.17",NA,NA,"http://www.snowlinux.de/",NA,NA,NA,NA,NA,NA,NA,NA,NA
"N","OpenMediaVault","#75777a","Debian","2011.10.17",NA,NA,"http://www.openmediavault.org/",NA,NA,NA,NA,NA,NA,NA,NA,NA
"// N","SolusOS","#2244cc","Debian","2012.2.22",NA,NA,"http://solusos.com/",NA,NA,NA,NA,NA,NA,NA,NA,NA
"N","srvRX live","#888","Debian","2012.3.10",NA,NA,"http://sourceforge.net/projects/srvrx/",NA,NA,NA,NA,NA,NA,NA,NA,NA
"// N","AtlasX","#447788","Debian","2012.4.1",NA,NA,"http://www.atlasx.org/",NA,NA,NA,NA,NA,NA,NA,NA,NA
"N","Xamin","#448bb8","Debian","2012.5.14",NA,NA,"http://xamin.ir/",NA,NA,NA,NA,NA,NA,NA,NA,NA
"// N","YunoHost","#111111","Debian","2012.5.31",NA,NA,"http://yunohost.org/",NA,NA,NA,NA,NA,NA,NA,NA,NA
"// N","Cultix","#003355","Debian","2012.6.27",NA,NA,"http://cultix.cu.cc/",NA,NA,NA,NA,NA,NA,NA,NA,NA
"// N","SprezzOS","#8070d8","Debian","2012.7.1",NA,NA,"http://www.sprezzatech.com/sprezzos.html",NA,NA,NA,NA,NA,NA,NA,NA,NA
"#N","Android","#a4c639",NA,"2007.11.5",NA,NA,"http://www.android.com/",NA,NA,NA,NA,NA,NA,NA,NA,NA
"#N","Ophone","#77f7ff","Android","2009.8",NA,NA,"http://en.ophonesdn.com/",NA,NA,NA,NA,NA,NA,NA,NA,NA
"N","webOS","#3ea3bd",NA,"2009.6.6",NA,NA,"https://developer.palm.com/",NA,NA,NA,NA,NA,NA,NA,NA,NA
"N","Trans-Ameritech","#ff1600",NA,"1995.3","1997.1",NA,"http://oss.sgi.com/LDP/HOWTO/CD-Distributions-EN-HOWTO/iii-others.html",NA,NA,NA,NA,NA,NA,NA,NA,NA
"N","Monkey","#8b3706",NA,"1996.10","1997.5.8",NA,"http://projectdevolve.tripod.com/",NA,NA,NA,NA,NA,NA,NA,NA,NA
"N","Mini","#55b7f4",NA,"1995.2","1995.10",NA,"http://en.wikipedia.org/wiki/Mini_Linux",NA,NA,NA,NA,NA,NA,NA,NA,NA
"N","Bogus","#8ecab5",NA,"1994.1","1994.10",NA,"http://www.cs.unc.edu/~faith/bogus.html",NA,NA,NA,NA,NA,NA,NA,NA,NA
"N","Linux Universe","#000",NA,"1995.10","1998.10",NA,"http://www.linuxjournal.com/article/85",NA,NA,NA,NA,NA,NA,NA,NA,NA
"N","Yggdrasil","#668f53",NA,"1992.12.8","1995.5",NA,"http://en.wikipedia.org/wiki/Yggdrasil_Linux/GNU/X",NA,NA,NA,NA,NA,NA,NA,NA,NA
"N","DILINUX","#ff5f00",NA,"1996.4","1998.2",NA,"http://web.archive.org/web/20101022041012/http://www.randomfactory.com/lfa/doslinux.html","DOSLINUX","1997.10","http://web.archive.org/web/20101022041012/http://www.randomfactory.com/lfa/doslinux.html",NA,NA,NA,NA,NA,NA
"N","TAMU","#3a34bc",NA,"1992.5","1994.10",NA,"http://www.oldlinux.org/Linux.old/distributions/TAMU/",NA,NA,NA,NA,NA,NA,NA,NA,NA
"N","Craftworks","#ff6cc4",NA,"1996","1998.4",NA,"http://web.archive.org/web/19961219055251/http://craftwork.com/",NA,NA,NA,NA,NA,NA,NA,NA,NA
"N","MCC Interim","#696a48",NA,"1992.2","1996.4.23",NA,"http://linux.about.com/cs/linux101/g/mccinterimlinux.htm",NA,NA,NA,NA,NA,NA,NA,NA,NA
"N","Xdenu","#613980",NA,"1995","1996.5",NA,"http://esca.atomki.hu/paradise/dos/xdenu-en.html",NA,NA,NA,NA,NA,NA,NA,NA,NA
"N","SmoothWall GPL","#d06bd0",NA,"2000.8.30",NA,NA,"http://www.roseindia.net/linux/firewall/smoothwall-gpl.shtml","SmoothWall Express","2003.11.0","http://www.smoothwall.org/",NA,NA,NA,NA,NA,NA
"N","IPCop","#8065ce","SmoothWall GPL","2002.1.5",NA,NA,"http://www.ipcop.org/",NA,NA,NA,NA,NA,NA,NA,NA,NA
"N","IPFire","#66000f","IPCop","2005.8",NA,NA,"http://www.ipfire.org/",NA,NA,NA,NA,NA,NA,NA,NA,NA
"N","Openwall","#000",NA,"2001.5.15",NA,NA,"http://www.openwall.com/Owl/",NA,NA,NA,NA,NA,NA,NA,NA,NA
"N","OpenWRT","#557788",NA,"2001.6.1",NA,NA,"http://www.openwrt.org/",NA,NA,NA,NA,NA,NA,NA,NA,NA
"N","Tinfoil Hat","#000",NA,"2002.2","2003",NA,"http://tinfoilhat.shmoo.com/",NA,NA,NA,NA,NA,NA,NA,NA,NA
"N","Midori","#75e184",NA,"2001.3.13","2003.10",NA,"http://web.archive.org/web/20010322042120/http://midori.transmeta.com/",NA,NA,NA,NA,NA,NA,NA,NA,NA
"N","Devil","#de2323",NA,"2003.10.20",NA,NA,"http://www.devil-linux.org/",NA,NA,NA,NA,NA,NA,NA,NA,NA
"N","Tiny Core","#4f5f82",NA,"2009.1.5",NA,NA,"http://www.tinycorelinux.com/",NA,NA,NA,NA,NA,NA,NA,NA,NA
"N","Puppy","#dec374",NA,"2003.6",NA,NA,"http://puppylinux.org/",NA,NA,NA,NA,NA,NA,NA,NA,NA
"N","TEENpup","#227","Puppy","2007.3.2",NA,NA,"http://pupweb.org/wikka/TeenPup","Legacy OS","2010.9.3","http://pupweb.org/wikka/TeenPup",NA,NA,NA,NA,NA,NA
"N","Macpup","#538cc3","Puppy","2008.6.13",NA,NA,"http://macpup.org/",NA,NA,NA,NA,NA,NA,NA,NA,NA
"N","Sage Live CD","#7777ff","Puppy","2010.11.23",NA,NA,"http://boxen.math.washington.edu/home/emil/doc/html/en/",NA,NA,NA,NA,NA,NA,NA,NA,NA
"// N","Saluki","#ff9900","Puppy","2011.11.21",NA,NA,"http://saluki-linux.com/",NA,"INFO:","http://www.murga-linux.com/puppy/viewtopic.php?t=73687&sid=b82068abc9abafd2c283590c6a90a5b6",NA,NA,NA,NA,NA,NA
"N","Quirky","#000",NA,"2010.5.5",NA,NA,"http://bkhome.org/quirky/",NA,NA,NA,NA,NA,NA,NA,NA,NA
"N","Mamona","#8ac73c",NA,"2007.11.15",NA,NA,"http://dev.openbossa.org/trac/mamona",NA,NA,NA,NA,NA,NA,NA,NA,NA
"N","BluePoint","#5b62ec",NA,"1999.12","2001.11.14",NA,"http://distrowatch.com/table.php?distribution=bluepoint",NA,NA,NA,NA,NA,NA,NA,NA,NA
"N","Yoper","#c63937",NA,"2003.1.9",NA,NA,"http://www.yoper.com/",NA,NA,NA,NA,NA,NA,NA,NA,NA
"N","Pardus","#da9746",NA,"2005.12.26",NA,NA,"http://www.pardus.org.tr/",NA,NA,NA,NA,NA,NA,NA,NA,NA
"N","EnGarde","#a54bdd",NA,"2001.12",NA,NA,"http://www.engardelinux.org/",NA,NA,NA,NA,NA,NA,NA,NA,NA
"N","Beehive","#69c0c7",NA,"2001.2.19","2003.8.7",NA,"http://distrowatch.com/table.php?distribution=beehive",NA,NA,NA,NA,NA,NA,NA,NA,NA
"N","4M","#888",NA,"2010.10.10",NA,NA,"http://www.4mlinux.com/",NA,NA,NA,NA,NA,NA,NA,NA,NA
"N","Jarro Negro","#000",NA,"2006.1.18",NA,NA,"http://jarronegrolinux.com/",NA,NA,NA,NA,NA,NA,NA,NA,NA
"N","Leka Rescue Floppy","#e0d3b6",NA,"2001.4.1","2003.6.1",NA,"http://web.archive.org/web/20020925025001/http://leka.net/",NA,NA,NA,NA,NA,NA,NA,NA,NA
"N","Project Ballantin","#000",NA,"1998.11","1999.5.17",NA,"http://web.archive.org/web/19991005151205/http://www.linuxsupportline.com/~router/",NA,NA,NA,NA,NA,NA,NA,NA,NA
"N","FREESCO","#5588bb","Project Ballantin","1999.5.17",NA,NA,"http://www.freesco.org/",NA,NA,NA,NA,NA,NA,NA,NA,NA
"N","LinuxConsole","#333333",NA,"2002.10",NA,NA,"http://www.linuxconsole.org/",NA,NA,NA,NA,NA,NA,NA,NA,NA
"N","Sorcerer","#36ce3b",NA,"2001.10",NA,NA,"http://sorcerer.silverice.org/",NA,NA,NA,NA,NA,NA,NA,NA,NA
"N","Lunar","#6257cd","Sorcerer","2002.3",NA,NA,"http://www.lunar-linux.org/",NA,NA,NA,NA,NA,NA,NA,NA,NA
"N","Source Mage","#bf3032","Sorcerer","2002.4",NA,NA,"http://www.sourcemage.org/",NA,NA,NA,NA,NA,NA,NA,NA,NA
"N","GoboLinux","#6da697",NA,"2003",NA,NA,"http://www.gobolinux.org/",NA,NA,NA,NA,NA,NA,NA,NA,NA
"N","GeeXboX","#5050ff",NA,"2003.5.16",NA,NA,"http://geexbox.org/",NA,NA,NA,NA,NA,NA,NA,NA,NA
"N","eIT easyLinux","#189069",NA,"1999.2.10","2001.10",NA,"http://www.linuxjournal.com/node/3830/",NA,NA,NA,NA,NA,NA,NA,NA,NA
"N","Paldo","#2a6096",NA,"2004.12.9",NA,NA,"http://www.paldo.org/",NA,NA,NA,NA,NA,NA,NA,NA,NA
"N","Dragora","#56b04f",NA,"2009.3.13",NA,NA,"http://www.dragora.org/",NA,NA,NA,NA,NA,NA,NA,NA,NA
"N","Qubes OS","#666",NA,"2010.4.7",NA,NA,"http://qubes-os.org/",NA,NA,NA,NA,NA,NA,NA,NA,NA
"N","UHU","#ccc",NA,"2003.4.18",NA,NA,"http://www.uhulinux.hu/",NA,NA,NA,NA,NA,NA,NA,NA,NA
"N","RIP","#2b1bb0",NA,"2006.5.5",NA,NA,"http://www.tux.org/pub/people/kent-robotti/looplinux/rip/",NA,NA,NA,NA,NA,NA,NA,NA,NA
"N","NixOS","#6666dd",NA,"2004.2.14",NA,NA,"http://nixos.org/",NA,NA,NA,NA,NA,NA,NA,NA,NA
"N","SliTaz","#000",NA,"2007.4.1",NA,NA,"http://www.slitaz.org/",NA,NA,NA,NA,NA,NA,NA,NA,NA
"N","Tiny SliTaz","#df8f06","SliTaz","2010.6.1",NA,NA,"http://pizza.slitaz.org/tiny/",NA,NA,NA,NA,NA,NA,NA,NA,NA
"N","Ophcrack","#8fc442",NA,"2006.3.24",NA,NA,"http://ophcrack.sourceforge.net/",NA,NA,NA,NA,NA,NA,NA,NA,NA
"#N","AtheOS","#bd5121",NA,"2000.3","2002.9.12",NA,"http://atheos.syllable.org/index.html",NA,NA,NA,NA,NA,NA,NA,NA,NA
"#N","Syllable","#4488bb","AtheOS","2002.7",NA,NA,"http://web.syllable.org/",NA,NA,NA,NA,NA,NA,NA,NA,NA
"N","Syllable Server","#4488bb",NA,"2007.10",NA,NA,"http://web.syllable.org/",NA,NA,NA,NA,NA,NA,NA,NA,NA
"N","Exherbo","#006600",NA,"2008.5.20",NA,NA,"http://exherbo.org/",NA,NA,NA,NA,NA,NA,NA,NA,NA
"N","Hadron","#00aadd",NA,"2011.5.17",NA,NA,"http://hadronproject.org/",NA,NA,NA,NA,NA,NA,NA,NA,NA
"// N","noop","#303030",NA,"2012.7.20",NA,NA,"http://www.nooplinux.org/",NA,NA,NA,NA,NA,NA,NA,NA,NA
"N","OpenELEC","#333333",NA,"2009.9.6",NA,NA,"http://openelec.tv/",NA,NA,NA,NA,NA,NA,NA,NA,NA
"N","Bedrock","#00b070",NA,"2012.8.3",NA,NA,"http://bedrocklinux.org/",NA,NA,NA,NA,NA,NA,NA,NA,NA
"N","Ututo","#ba3232",NA,"2000.10",NA,NA,"http://www.ututo.org/","Ututo XS","2005.6","http://www.ututo.org/",NA,NA,NA,NA,NA,NA
"N","Ututo-e","#d30110","Ututo","2004.3",NA,NA,"http://www.ututo.org/",NA,NA,NA,NA,NA,NA,NA,NA,NA
"N","Enoch","#a0a0f0",NA,"1999.12",NA,NA,"http://www.gentoo.org/","Gentoo","2002.3.31","http://www.gentoo.org/",NA,NA,NA,NA,NA,NA
"N","Gentoox","#0050ff","Enoch","2003.3",NA,NA,"http://gentoox.shallax.com/",NA,NA,NA,NA,NA,NA,NA,NA,NA
"N","Jollix","#ffee55","Enoch","2003.4.17","2004.5.12",NA,"http://jollix.berlios.de/de/",NA,NA,NA,NA,NA,NA,NA,NA,NA
"N","Navyn OS","#224488","Enoch","2004.6.1","2005.1.1",NA,"http://distrowatch.com/table.php?distribution=navynos",NA,NA,NA,NA,NA,NA,NA,NA,NA
"N","VidaLinux","#718969","Enoch","2004.10.4",NA,NA,"http://www.vidalinux.com/","VLOS","2005.9.9","http://www.vidalinux.com/",NA,NA,NA,NA,NA,NA
"N","Pentoo","#000100","Enoch","2005.2",NA,NA,"http://www.pentoo.ch/",NA,NA,NA,NA,NA,NA,NA,NA,NA
"N","epiOS","#2181B0","Enoch","2005.3","2007.10",NA,"http://linux.wikia.com/wiki/EpiOS",NA,NA,NA,NA,NA,NA,NA,NA,NA
"N","RR4","#e9b689","Enoch","2005.10",NA,NA,"http://sabayonlinux.org/","Sabayon","2006.8.16","http://sabayonlinux.org/",NA,NA,NA,NA,NA,NA
"N","Bintoo","#89c8e9","Enoch","2005.12.11","2007.1",NA,"http://bintoo.sourceforge.net/",NA,NA,NA,NA,NA,NA,NA,NA,NA
"N","Kororaa","#706f7f","Enoch","2005.12.12",NA,NA,"http://en.wikipedia.org/wiki/Kororaa",NA,NA,NA,NA,NA,NA,NA,NA,NA
"N","Papug","#0082ff","Enoch","2006.11",NA,NA,"http://www.papuglinux.net/",NA,NA,NA,NA,NA,NA,NA,NA,NA
"N","Calculate","#faa61a","Enoch","2007.6.6",NA,NA,"http://www.calculate-linux.org/",NA,NA,NA,NA,NA,NA,NA,NA,NA
"N","Toorox","#333333","Enoch","2007.11.28",NA,NA,"http://toorox.de/",NA,NA,NA,NA,NA,NA,NA,NA,NA
"N","Funtoo","#333399","Enoch","2008.9",NA,NA,"http://www.funtoo.org/",NA,NA,NA,NA,NA,NA,NA,NA,NA
"N","SystemRescueCD","#508fee","Enoch","2008.3.3",NA,NA,"http://www.sysresccd.org/",NA,NA,NA,NA,NA,NA,NA,NA,NA
"N","Liberté","#114488","Enoch","2010.5.5",NA,NA,"http://dee.su/liberte",NA,NA,NA,NA,NA,NA,NA,NA,NA
"N","AnikOS","#333333","Enoch","2011.5.22",NA,NA,"http://www.anikos.org/",NA,NA,NA,NA,NA,NA,NA,NA,NA
"// N","OccupyOS","#000","Enoch","2011.10.23",NA,NA,"http://wiki.gitbrew.org/wikibrew/OccupyOS",NA,NA,NA,NA,NA,NA,NA,NA,NA
"N","SLS","#9c8ac4",NA,"1992.6","1994.1",NA,"http://en.wikipedia.org/wiki/Softlanding_Linux_System",NA,NA,NA,NA,NA,NA,NA,NA,NA
"N","Slackware","#000","SLS","1993.7.16",NA,"images/slackware.svg","http://www.slackware.com/",NA,NA,NA,NA,NA,NA,NA,NA,NA
"N","MNIS","#516b9e","Slackware","1995.2.1","2004.9",NA,"http://www.mnis.fr/fr/products/Mnis-Linux/",NA,NA,NA,NA,NA,NA,NA,NA,NA
"N","Burapha","#77f7ff","Slackware","1997.6",NA,NA,"http://www.buraphalinux.org/",NA,"INFO:","http://translate.google.com/translate?hl=en&sl=th&u=http://th.wikipedia.org/wiki/%25E0%25B8%25AB%25E0%25B9%2589%25E0%25B8%25AD%25E0%25B8%2587%25E0%25B8%259B%25E0%25B8%258F%25E0%25B8%25B4%25E0%25B8%259A%25E0%25B8%25B1%25E0%25B8%2595%25E0%25B8%25B4%25E0%25B8%2581%25E0%25B8%25B2%25E0%25B8%25A3%25E0%25B8%25A7%25E0%25B8%25B4%25E0%25B8%2588%25E0%25B8%25B1%25E0%25B8%25A2%25E0%25B8%259A%25E0%25B8%25B9%25E0%25B8%25A3%25E0%25B8%259E%25E0%25B8%25B2%25E0%25B8%25A5%25E0%25B8%25B5%25E0%25B8%2599%25E0%25B8%25B8%25E0%25B8%2581%25E0%25B8%258B%25E0%25B9%258C&ei=huoETvbTE8iRswbhhc22DA&sa=X&oi=translate&ct=result&resnum=1&ved=0CCoQ7gEwAA&prev=/search%3Fq%3D%2522BLCD%2B1.0%2522%26hl%3Den%26safe%3Doff%26prmd%3Divns",NA,NA,NA,NA,NA,NA
"N","Stampede","#866846","Slackware","1997.12.4","2002.3.1",NA,"http://www.stampede.org/",NA,NA,NA,NA,NA,NA,NA,NA,NA
"N","VectorLinux","#504ca3","Slackware","2000.6.30",NA,NA,"http://vectorlinux.com/",NA,NA,NA,NA,NA,NA,NA,NA,NA
"N","Tiny","#444466","Slackware","2000.4.6","2005.8.24",NA,"http://tiny.seul.org/",NA,NA,NA,NA,NA,NA,NA,NA,NA
"N","Slax","#aadc87","Slackware","2002.5",NA,NA,"http://www.slax.org/",NA,NA,NA,NA,NA,NA,NA,NA,NA
"N","DNALinux","#496da7","Slax","2004.2",NA,NA,"http://www.dnalinux.com/",NA,NA,NA,NA,NA,NA,NA,NA,NA
"N","Wolvix","#5a5a5a","Slax","2005.8",NA,NA,"http://wolvix.org/",NA,NA,NA,NA,NA,NA,NA,NA,NA
"N","SLAMPP","#ff4343","Slax","2005.9.19",NA,NA,"http://slampp.abangadek.com/",NA,NA,NA,NA,NA,NA,NA,NA,NA
"N","Gnu-HALO","#3c5c47","Slax","2006.6","2006.12",NA,"http://halo.willisburg.org/",NA,NA,NA,NA,NA,NA,NA,NA,NA
"N","EvilEntity","#8b179c","Slackware","2002.4.26","2004.12.7",NA,"http://distrowatch.com/table.php?distribution=evilentity",NA,NA,NA,NA,NA,NA,NA,NA,NA
"N","Topologilinux","#000","Slackware","2002.8.25",NA,NA,"http://www.topologilinux.com/",NA,NA,NA,NA,NA,NA,NA,NA,NA
"N","DeLi","#767676","Slackware","2002.11.2",NA,NA,"http://www.delilinux.de/","ConnochaetOS","2010.11.13","http://www.connochaetos.org/",NA,NA,NA,NA,NA,NA
"N","DeLi(cate)","#cc8844","DeLi","2011.10.22",NA,NA,"http://delicate.tavvva.net/",NA,NA,NA,NA,NA,NA,NA,NA,NA
"N","Stux","#ff0000","Slackware","2003.9.1",NA,NA,"http://gpstudio.com/stux/","STUX","2003.11.1","http://gpstudio.com/stux/",NA,NA,NA,NA,NA,NA
"N","Kwort","#135cae","Slackware","2003.10.26",NA,NA,"http://kwort.org/",NA,NA,NA,NA,NA,NA,NA,NA,NA
"N","DARKSTAR","#705ca4","Slackware","2004.2","2008.1.6",NA,"http://www.darkstarlinux.ro/",NA,NA,NA,NA,NA,NA,NA,NA,NA
"N","AUSTRUMI","#d5bc60","Slackware","2004.3",NA,NA,"http://cyti.latgola.lv/ruuni/",NA,NA,NA,NA,NA,NA,NA,NA,NA
"N","Minislack","#496da7","Slackware","2004.5.21",NA,NA,"http://en.wikipedia.org/wiki/Zenwalk","Zenwalk","2005.8.12","http://www.zenwalk.org/",NA,NA,NA,NA,NA,NA
"N","GoblinX","#e68200","Slackware","2004.7",NA,NA,"http://www.goblinx.com.br/","Imagineos","2010.7.1","http://www.imagineos.com.br/",NA,NA,NA,NA,NA,NA
"N","Slack/390","#444444","Slackware","2004.7.6",NA,NA,"http://www.slack390.org/",NA,NA,NA,NA,NA,NA,NA,NA,NA
"N","HostGIS","#654321","Slackware","2004.8","2010",NA,"http://www.hostgis.com/linux/wiki/index.php/Main_Page",NA,NA,NA,NA,NA,NA,NA,NA,NA
"N","Kate","#e48a67","Slackware","2004.10.9","2009.6",NA,"http://en.wikipedia.org/wiki/KateOS","KateOS","2005.5.6","http://en.wikipedia.org/wiki/KateOS",NA,NA,NA,NA,NA,NA
"N","NimbleX","#ad2028","Slackware","2004.10.20",NA,NA,"http://www.nimblex.net/",NA,NA,NA,NA,NA,NA,NA,NA,NA
"N","MOPSLinux","#50c846","Slackware","2004.11",NA,NA,"http://www.mopslinux.org/","AgiliaLinux","2010.4.22","http://www.agilialinux.ru/",NA,NA,NA,NA,NA,NA
"N","Frugalware","#676a97","Slackware","2004.11.2",NA,NA,"http://frugalware.org/",NA,NA,NA,NA,NA,NA,NA,NA,NA
"N","Slamd64","#5a5050","Slackware","2005.1.19","2009.2.1",NA,"http://www.slamd64.com/",NA,NA,NA,NA,NA,NA,NA,NA,NA
"N","NetSecL","#334d55","Slackware","2005.5.6",NA,NA,"http://netsecl.com/",NA,NA,NA,NA,NA,NA,NA,NA,NA
"N","pQui","#105289","Slackware","2005.7",NA,NA,"http://pquilinux.org/",NA,NA,NA,NA,NA,NA,NA,NA,NA
"N","Slackintosh","#6496fa","Slackware","2005.9.29",NA,NA,"http://workaround.ch/",NA,NA,NA,NA,NA,NA,NA,NA,NA
"N","Sauver","#b140c3","Slackware","2006.1.1",NA,NA,"http://sauveros.com/",NA,NA,NA,NA,NA,NA,NA,NA,NA
"N","Voltalinux","#44dafd","Slackware","2006.6","2008.6",NA,"http://distrowatch.com/table.php?distribution=voltalinux",NA,NA,NA,NA,NA,NA,NA,NA,NA
"N","How-Tux","#dcd140","Slackware","2006.10","2008.3",NA,"http://distrowatch.com/table.php?distribution=howtux",NA,NA,NA,NA,NA,NA,NA,NA,NA
"N","Bluewhite64","#2356e6","Slackware","2006.10.4",NA,NA,"http://www.bluewhite64.com/",NA,NA,NA,NA,NA,NA,NA,NA,NA
"N","Absolute","#5a4114","Slackware","2006.10.22",NA,NA,"http://absolutelinux.org/",NA,NA,NA,NA,NA,NA,NA,NA,NA
"N","Wifislax","#303030","Slackware","2006.12.21",NA,NA,"http://www.wifislax.com/",NA,NA,NA,NA,NA,NA,NA,NA,NA
"N","ARMedslack","#000","Slackware","2007.1.18",NA,NA,"http://www.armedslack.org/","Slackware ARM","2012.8.25","http://www.armedslack.org/",NA,NA,NA,NA,NA,NA
"N","SL4P","#000","ARMedslack","2012.3.20",NA,NA,"http://pandorawiki.org/Software_projects/OS/Slackware",NA,NA,NA,NA,NA,NA,NA,NA,NA
"N","Draco","#bf0000","Slackware","2007.5.17",NA,NA,"http://code.google.com/p/dracolinux/",NA,NA,NA,NA,NA,NA,NA,NA,NA
"N","SMS","#6283b9","Slackware","2007.8.10",NA,NA,"http://sms.it-ccs.com/","Superb Mini Server","2010.6.11","http://sms.it-ccs.com/",NA,NA,NA,NA,NA,NA
"N","Wifiway","#303030","Slackware","2008.12.3",NA,NA,"http://www.wifiway.org/",NA,NA,NA,NA,NA,NA,NA,NA,NA
"N","PLATYPUX","#884411","Slackware","2008.12.29",NA,NA,"http://platypux.site.free.fr/",NA,NA,NA,NA,NA,NA,NA,NA,NA
"N","Kongoni","#fec367","Slackware","2009.2",NA,NA,"http://www.kongoni.org/",NA,NA,NA,NA,NA,NA,NA,NA,NA
"N","Linvo","#9cc720","Slackware","2009.3.28",NA,NA,"http://www.linvo.org/",NA,NA,NA,NA,NA,NA,NA,NA,NA
"N","Lin2Go","#2266cc","Slackware","2009.4",NA,NA,"http://lin2go.com/",NA,NA,NA,NA,NA,NA,NA,NA,NA
"N","Salix","#6e9834","Slackware","2009.9.16",NA,NA,"http://www.salixos.org/",NA,NA,NA,NA,NA,NA,NA,NA,NA
"N","SlaXBMC","#2d25ce","Slackware","2011.6.1",NA,NA,"http://slaxbmc.blogspot.ch/",NA,NA,NA,NA,NA,NA,NA,NA,NA
"// N","Slackel","#ddee22","Slackware","2011.6.16",NA,NA,"http://www.slackel.gr/",NA,NA,NA,NA,NA,NA,NA,NA,NA
"N","Porteus","#000099","Slackware","2011.6.20",NA,NA,"http://www.porteus.org/",NA,NA,NA,NA,NA,NA,NA,NA,NA
"N","S.u.S.E","#438643","Slackware","1994.3",NA,NA,"http://en.wikipedia.org/wiki/SUSE_Linux_distributions","SuSE","1998.12","http://www.novell.com/linux/","SUSE","2003.10.24","http://www.novell.com/linux/","openSUSE","2006.12.7","http://www.opensuse.org/"
"N","SLES","#7ac142","S.u.S.E","2000.10.31",NA,NA,"http://www.novell.com/products/server/",NA,NA,NA,NA,NA,NA,NA,NA,NA
"N","NLD","#7ac142","S.u.S.E","2004.11.8",NA,NA,"http://www.novell.com/linux/products.html","SLED","2006.6","http://www.novell.com/products/desktop/",NA,NA,NA,NA,NA,NA
"N","Astaro","#ebb64c","S.u.S.E","2000.1",NA,NA,"http://www.astaro.com/",NA,NA,NA,NA,NA,NA,NA,NA,NA
"N","Caixa Mágica","#50b9e6","S.u.S.E","2000.10",NA,NA,"http://www.caixamagica.pt/",NA,NA,NA,NA,NA,NA,NA,NA,NA
"N","Sun JDS","#000","S.u.S.E","2003.11.10","2006.5.30",NA,"http://en.wikipedia.org/wiki/Java_Desktop_System",NA,NA,NA,NA,NA,NA,NA,NA,NA
"N","Linkat","#fcbe32","S.u.S.E","2006.9.12",NA,NA,"http://linkat.xtec.cat/",NA,NA,NA,NA,NA,NA,NA,NA,NA
"N","JOPUX","#000","S.u.S.E","2012.3.30",NA,NA,"http://jopux.org/",NA,NA,NA,NA,NA,NA,NA,NA,NA
"// N","Anthon",NA,"S.u.S.E","2012.5.4",NA,NA,"http://sourceforge.net/projects/anthon/",NA,NA,NA,NA,NA,NA,NA,NA,NA
"N","Jurix","#9f9f9f",NA,"1995.2.8","1997",NA,"http://www.ibiblio.org/pub/historic-linux/distributions/jurix/",NA,NA,NA,NA,NA,NA,NA,NA,NA
"N","Alpine","#5f8dd3",NA,"2006.5.4",NA,NA,"http://www.alpinelinux.org/",NA,NA,NA,NA,NA,NA,NA,NA,NA
"N","openmamba","#4db90a",NA,"2007.6",NA,NA,"http://www.openmamba.org/",NA,NA,NA,NA,NA,NA,NA,NA,NA
"N","QiLinux","#ffd133",NA,"2004.3.19","2007.2.6",NA,"http://distrowatch.com/table.php?distribution=qilinux",NA,NA,NA,NA,NA,NA,NA,NA,NA
"N","ROCK","#77781b",NA,"1998.8",NA,NA,"http://www.rocklinux.net/",NA,NA,NA,NA,NA,NA,NA,NA,NA
"N","T2","#09345f","ROCK","2004.10.3",NA,NA,"http://www.t2-project.org/",NA,NA,NA,NA,NA,NA,NA,NA,NA
"N","Linux From Scratch","#000",NA,"1999.12",NA,NA,"http://www.linuxfromscratch.org/",NA,NA,NA,NA,NA,NA,NA,NA,NA
"N","ZENIX","#009999","Linux From Scratch","2003.2.10","2004.10.24",NA,"http://distrowatch.com/table.php?distribution=zenix",NA,NA,NA,NA,NA,NA,NA,NA,NA
"N","NuTyX","#ae0001","Linux From Scratch","2007.11.28",NA,NA,"http://www.nutyx.org/",NA,NA,NA,NA,NA,NA,NA,NA,NA
"N","KaarPux","#cb4b16","Linux From Scratch","2012.8.6",NA,NA,"http://kaarpux.kaarposoft.dk/",NA,NA,NA,NA,NA,NA,NA,NA,NA
"N",0,"#10a409",NA,"2010.3.3",NA,NA,"http://0.tuxfamily.org/",NA,NA,NA,NA,NA,NA,NA,NA,NA
"N","tomsrtbt","#000",NA,"1998.11.6","2002.5.4",NA,"http://www.toms.net/rb/",NA,NA,NA,NA,NA,NA,NA,NA,NA
"N","dyne:bolic","#f1ca6d",NA,"2001.6",NA,NA,"http://dynebolic.org/",NA,NA,NA,NA,NA,NA,NA,NA,NA
"N","Ark","#545454",NA,"2001.8",NA,NA,"http://web.archive.org/web/20110725013724/http://arklinux.org/",NA,NA,NA,NA,NA,NA,NA,NA,NA
"N","NetStation","#116daa",NA,"2001.8.28","2003.9",NA,"http://netstation.sourceforge.net/",NA,NA,NA,NA,NA,NA,NA,NA,NA
"N","Thinstation","#000","NetStation","2003.8.30",NA,NA,"http://www.thinstation.org/",NA,NA,NA,NA,NA,NA,NA,NA,NA
"N","LPS","#2757ab","Thinstation","2007.3.21",NA,NA,"http://www.spi.dod.mil/lipose.htm",NA,NA,NA,NA,NA,NA,NA,NA,NA
"N","Octoz","#ce6816",NA,"2004.7","2007.3",NA,"http://web.archive.org/web/*/http://www.octoz.org","Hedinux","2005.9.26","http://web.archive.org/web/*/http://hedinux.org/",NA,NA,NA,NA,NA,NA
"N","Igelle","#e77918",NA,"2010.2.22",NA,NA,"http://www.igelle.com/",NA,NA,NA,NA,NA,NA,NA,NA,NA
"N","Weaver","#ff9600",NA,"1997.9","2007.3",NA,"http://en.wikipedia.org/wiki/Nitix","Nitix","2004.1","http://distrowatch.com/table.php?distribution=nitix",NA,NA,NA,NA,NA,NA
"N","µClinux","#4b78ff",NA,"1998.1",NA,NA,"http://www.uclinux.org/",NA,NA,NA,NA,NA,NA,NA,NA,NA
"N","Coyote","#282896",NA,"1998.12",NA,NA,"http://coyotelinux.com/",NA,NA,NA,NA,NA,NA,NA,NA,NA
"N","BrazilFW","#0076b1",NA,"2005.10.5",NA,NA,"http://www.brazilfw.com.br/",NA,NA,NA,NA,NA,NA,NA,NA,NA
"N","Zeroshell","#0000c0",NA,"2006.6.25",NA,NA,"http://www.zeroshell.net/",NA,NA,NA,NA,NA,NA,NA,NA,NA
"N","PLoP","#c0c0d8",NA,"2007.12.26",NA,NA,"http://www.plop.at/",NA,NA,NA,NA,NA,NA,NA,NA,NA
"N","Natures Linux","#0f0",NA,"2004.3.30","2007.8.20",NA,"http://distrowatch.com/table.php?distribution=natures",NA,NA,NA,NA,NA,NA,NA,NA,NA
"N","ELinOS","#0d3b69",NA,"1999.3",NA,NA,"http://www.sysgo.com/products/elinos-embedded-linux/",NA,NA,NA,NA,NA,NA,NA,NA,NA
"N","OpenEmbedded","#0bd",NA,"2003.2",NA,NA,"http://www.openembedded.org",NA,NA,NA,NA,NA,NA,NA,NA,NA
"N","Ångström","#9cc32a","OpenEmbedded","2007.12",NA,NA,"http://www.angstrom-distribution.org/",NA,NA,NA,NA,NA,NA,NA,NA,NA
"N","KaeilOS","#FF0000",NA,"2000.1",NA,NA,"http://www.kaeilos.com/",NA,"INFO:","http://en.wikipedia.org/wiki/KaeilOS",NA,NA,NA,NA,NA,NA
"N","Peanut","#4ac250",NA,"1999.12",NA,NA,"http://www.alinux.tv/","aLinux","2005.3","http://www.alinux.tv/",NA,NA,NA,NA,NA,NA
"N","CRUX","#4d699b",NA,"2001.1",NA,NA,"http://crux.nu/",NA,NA,NA,NA,NA,NA,NA,NA,NA
"N","Arch","#0771a6",NA,"2002.3.11",NA,NA,"http://www.archlinux.org/",NA,NA,NA,NA,NA,NA,NA,NA,NA
"N","AL-AMLUG","#77aacc","Arch","2003.7.4","2006.5.17",NA,"http://user-contributions.org/home/","Archie","2005.3.25","http://archie.dotsrc.org/",NA,NA,NA,NA,NA,NA
"N","Chaox","#000","Arch","2008.12","2010.2.18",NA,"http://blag.chaox.net/",NA,NA,NA,NA,NA,NA,NA,NA,NA
"N","Chakra","#46494D","Arch","2008.12.21",NA,NA,"http://chakra-project.org/",NA,NA,NA,NA,NA,NA,NA,NA,NA
"N","LinHES","#92bac4","Arch","2009.1.28",NA,NA,"http://linhes.org/",NA,NA,NA,NA,NA,NA,NA,NA,NA
"N","FireFly","#ee2299","Arch","2009.6.2",2010,NA,"http://distrowatch.com/table.php?distribution=firefly",NA,NA,NA,NA,NA,NA,NA,NA,NA
"N","KahelOS","#e74a47","Arch","2009.7",NA,NA,"http://www.kahelos.org/",NA,NA,NA,NA,NA,NA,NA,NA,NA
"N","CTKarchLive","#000","Arch","2009.7.5",NA,NA,"http://calimeroteknik.free.fr/ctkarchlive/index-en.html","CTKArch","2011.4.7","http://ctkarch.org/",NA,NA,NA,NA,NA,NA
"N","Arch Linux ARM","#0771a6","Arch","2009.8.9",NA,NA,"http://archlinuxarm.org/",NA,NA,NA,NA,NA,NA,NA,NA,NA
"N","ArchBang","#0077bb","Arch","2010.1.26",NA,NA,"http://archbang.org/",NA,NA,NA,NA,NA,NA,NA,NA,NA
"#N","Arch Hurd","#00adef","Arch","2010.6.5",NA,NA,"http://www.archhurd.org/",NA,NA,NA,NA,NA,NA,NA,NA,NA
"N","Parabola","#000","Arch","2010.11",NA,NA,"http://parabolagnulinux.org/",NA,NA,NA,NA,NA,NA,NA,NA,NA
"N","LDR","#800080","Arch","2011.4.13",NA,NA,"http://web.archive.org/web/20110717211908/http://www.tommed.co.uk/ldr/",NA,NA,NA,NA,NA,NA,NA,NA,NA
"N","Manjaro","#3fbb3f","Arch","2011.7.9",NA,NA,"http://manjarolinux.org/",NA,NA,NA,NA,NA,NA,NA,NA,NA
"N","Bridge","#333333","Arch","2012.1.30",NA,NA,"http://millertechnologies.net/",NA,NA,NA,NA,NA,NA,NA,NA,NA
"// N","Nosonja","#336699","Arch","2012.3.1",NA,NA,"http://nosonja.org/",NA,NA,NA,NA,NA,NA,NA,NA,NA
"// N","Cinnarch",NA,"Arch","2012.7.19",NA,NA,"http://sourceforge.net/projects/cinnarch/",NA,NA,NA,NA,NA,NA,NA,NA,NA
"N","Specifix","#332c55",NA,"2004.7.14",NA,NA,"http://www.specifix.com/","rPath","2005.6.2","http://www.rpath.com/corp/",NA,NA,NA,NA,NA,NA
"N","Foresight","#a3a3a3","Specifix","2005.3",NA,NA,"http://www.foresightlinux.org/",NA,NA,NA,NA,NA,NA,NA,NA,NA
"N","Oz","#5da0c6","Specifix","2007","2008",NA,"http://ubuntuforums.org/showthread.php?t=398478",NA,NA,NA,NA,NA,NA,NA,NA,NA
"N","Openfiler","#5f86ac",NA,"2004.5",NA,NA,"http://www.openfiler.com/",NA,NA,NA,NA,NA,NA,NA,NA,NA
"N","Everest","#005896",NA,"2006.6.5",NA,NA,"www.linux-ren.org","Qomo","2009.5","www.linux-ren.org",NA,NA,NA,NA,NA,NA
"N","mkLinux","#35332d",NA,"1996.5.17","2002.8.11",NA,"http://www.mklinux.org/",NA,NA,NA,NA,NA,NA,NA,NA,NA
"N","LST","#4e8969",NA,"1993.12","1997.3.23",NA,"http://www.dsj.net/compedge/caldera.html",NA,NA,NA,NA,NA,NA,NA,NA,NA
"N","DLD","#9e9e9e",NA,"1993","1999.12",NA,"http://de.wikipedia.org/wiki/Deutsche_Linux-Distribution",NA,NA,NA,NA,NA,NA,NA,NA,NA
"N","Linux-FT","#ff0031",NA,"1995.1","1996.10",NA,"http://www.ukuug.org/newsletter/linux-newsletter/linux@uk12/ftinfo.shtml",NA,NA,NA,NA,NA,NA,NA,NA,NA
"N","Unifix","#334466",NA,"1995.6","2001",NA,"http://www.unifix.de/index.html",NA,NA,NA,NA,NA,NA,NA,NA,NA
"N","United Linux","#040404",NA,"2002.11.19","2004.1.22",NA,"http://en.wikipedia.org/wiki/United_Linux",NA,NA,NA,NA,NA,NA,NA,NA,NA
"N","Red Hat","#cc0000",NA,"1994.11.3",NA,NA,"http://www.redhat.com/","Red Hat Enterprise","2002.3.26","http://www.redhat.com/",NA,NA,NA,NA,NA,NA
"N","WGS Linux Pro","#ff5f00","Red Hat","1995","1997",NA,"http://www.workgroupsolutions.com/",NA,NA,NA,NA,NA,NA,NA,NA,NA
"N","Caldera","#5ea3db","Red Hat","1996.2","2002.11.19",NA,"http://en.wikipedia.org/wiki/Caldera_OpenLinux","SCO","2002.8.26","http://www.sco.com/",NA,NA,NA,NA,NA,NA
"N","Redmond","#33812b","Caldera","2001.12.8","2005.6.15",NA,"http://freshmeat.net/projects/redmondlinux/","Lycoris","2002.1","http://en.wikipedia.org/wiki/Lycoris_%28company%29",NA,NA,NA,NA,NA,NA
"N","LinuxPPC","#4cc931","Red Hat","1997.4","2001",NA,"http://lists.ozlabs.org/listinfo/linuxppc-dev",NA,NA,NA,NA,NA,NA,NA,NA,NA
"N","UltraPenguin","#000","Red Hat","1997.7","1998.12",NA,"http://ultra.linux.cz/",NA,NA,NA,NA,NA,NA,NA,NA,NA
"N","Conectiva","#4c3065","Red Hat","1997.10","2005.1.24",NA,"http://www.mandriva.com.br/",NA,NA,NA,NA,NA,NA,NA,NA,NA
"N","Buhawi","#99ccff","Red Hat","1997.12.21","2004.9.18",NA,"http://bluepoint.com.ph/buhawi/",NA,NA,NA,NA,NA,NA,NA,NA,NA
"N","PLD","#3f89d0","Red Hat","1998",NA,NA,"http://www.pld-linux.org/",NA,NA,NA,NA,NA,NA,NA,NA,NA
"N","Turbolinux","#8c99ce","Red Hat","1998.6",NA,NA,"http://www.turbolinux.com/",NA,NA,NA,NA,NA,NA,NA,NA,NA
"N","Mandrake","#3f48c9","Red Hat","1998.7.23",NA,NA,"http://www.mandriva.com/","Mandriva","2005.4.8","http://www.mandriva.com/",NA,NA,NA,NA,NA,NA
"N","Demolinux","#3333ff","Mandrake","1998.9","2002.7",NA,"http://www.demolinux.org/",NA,NA,NA,NA,NA,NA,NA,NA,NA
"N","Virtual","#8c8f96","Mandrake","2001.9.16","2002.5.3",NA,"http://sourceforge.net/projects/virtual-linux/",NA,NA,NA,NA,NA,NA,NA,NA,NA
"N","ALT","#ebe04a","Mandrake","2001.3.25",NA,NA,"http://www.altlinux.com/",NA,NA,NA,NA,NA,NA,NA,NA,NA
"N","PCLinuxOS","#78ca75","Mandrake","2003.10",NA,NA,"http://pclinuxos.com/",NA,NA,NA,NA,NA,NA,NA,NA,NA
"N","TinyMe","#0000ff","PCLinuxOS","2006.11",NA,NA,"http://tinymelinux.com/",NA,NA,NA,NA,NA,NA,NA,NA,NA
"N","Granular","#ff0032","PCLinuxOS","2006.12.30",NA,NA,"http://www.granularlinux.com/",NA,NA,NA,NA,NA,NA,NA,NA,NA
"N","Garuda","#b21200","PCLinuxOS","2011.4.13",NA,NA,"http://www.garudaone.com/",NA,NA,NA,NA,NA,NA,NA,NA,NA
"N","Phinx","#004b68","PCLinuxOS","2011.8",NA,NA,"http://cozmodesigns.co.uk/phinx/",NA,NA,NA,NA,NA,NA,NA,NA,NA
"N","SAM","#007800","Mandrake","2003.10",NA,NA,"http://www.sam-linux.org/","SAMity","2010.6.30","www.samity.org",NA,NA,NA,NA,NA,NA
"N","blackPanther","#000","Mandrake","2003.12",NA,NA,"http://www.blackpanther.hu/",NA,NA,NA,NA,NA,NA,NA,NA,NA
"N","OpenSLS","#a6a5c5","Mandrake","2003.12.22","2007.12.30",NA,"http://annvix.org/","Annvix","2004.8.26","http://annvix.org/",NA,NA,NA,NA,NA,NA
"N","Unity","#77EE00","Mandrake","2009.12.10",NA,NA,"http://unity-linux.org/",NA,NA,NA,NA,NA,NA,NA,NA,NA
"N","ChameleonOS","#489F3E","Unity","2010.07.12",NA,NA,"http://chameleonos.wordpress.com/",NA,NA,NA,NA,NA,NA,NA,NA,NA
"N","Mageia","#3f48c9","Mandrake","2010.9.18",NA,NA,"http://mageia.org/",NA,NA,NA,NA,NA,NA,NA,NA,NA
"N","ROSA","#105289","Mandrake","2011.3.25",NA,NA,"http://www.rosalab.ru/",NA,NA,NA,NA,NA,NA,NA,NA,NA
"N","Eurielec","#040404","Red Hat","1998","2001.5.13",NA,"http://www.eurielec.etsit.upm.es/linux/",NA,NA,NA,NA,NA,NA,NA,NA,NA
"N","Fermi","#00309e","Red Hat","1998.8.31",NA,NA,"http://fermilinux.fnal.gov/",NA,NA,NA,NA,NA,NA,NA,NA,NA
"N","KRUD","#00adfb","Red Hat","1999","2005",NA,"http://www.tummy.com/Products/krud/",NA,NA,NA,NA,NA,NA,NA,NA,NA
"N","e-smith","#d38b8e","Red Hat","1999.1",NA,NA,"http://wiki.contribs.org/Main_Page","SME Server","2001.8","http://www.smeserver.org/",NA,NA,NA,NA,NA,NA
"N","Eridani","#2625a4","Red Hat","1999.3","2003.8.5",NA,"http://www.eridani.co.uk/linux.shtml",NA,NA,NA,NA,NA,NA,NA,NA,NA
"N","Yellow Dog","#baba4c","Red Hat","1999.3.8",NA,NA,"http://www.yellowdoglinux.com/",NA,NA,NA,NA,NA,NA,NA,NA,NA
"N","Vine","#323296","Red Hat","1999.3.28",NA,NA,"http://www.vinelinux.org/",NA,NA,NA,NA,NA,NA,NA,NA,NA
"N","Red Flag","#e34043","Red Hat","1999.8",NA,NA,"http://www.redflag-linux.com/",NA,NA,NA,NA,NA,NA,NA,NA,NA
"N","Armed","#d73ce2","Red Hat","1999.9.5","2002",NA,"http://lwn.net/1999/0916/a/armed.html",NA,NA,NA,NA,NA,NA,NA,NA,NA
"N","Immunix","#bbd295","Red Hat","1999.10","2003.11.27",NA,"http://en.wikipedia.org/wiki/Immunix",NA,NA,NA,NA,NA,NA,NA,NA,NA
"N","Kondara","#5d0202","Red Hat","1999.11.11","2002.7.15",NA,"http://distrowatch.com/table.php?distribution=kondara",NA,NA,NA,NA,NA,NA,NA,NA,NA
"N","Linpus","#afafaf","Red Hat","2000.1.28",NA,NA,"http://www.linpus.com/",NA,NA,NA,NA,NA,NA,NA,NA,NA
"N","ELX","#44b6fd","Red Hat","2000.2","2006",NA,"http://distrowatch.com/table.php?distribution=elx",NA,NA,NA,NA,NA,NA,NA,NA,NA
"N","Trustix","#c4c4c4","Red Hat","2000.3","2007.3.6",NA,"http://en.wikipedia.org/wiki/Trustix",NA,NA,NA,NA,NA,NA,NA,NA,NA
"N","Finnix","#000","Red Hat","2000.3.22",NA,NA,"http://www.finnix.org/",NA,NA,NA,NA,NA,NA,NA,NA,NA
"N","BU","#e30000","Red Hat","2000.5",NA,NA,"http://linux.bu.edu/",NA,NA,NA,NA,NA,NA,NA,NA,NA
"N","Miracle","#e34043","Red Hat","2000.8",NA,NA,"http://www.miraclelinux.com/",NA,NA,NA,NA,NA,NA,NA,NA,NA
"N","Asianux","#000","Miracle","2004.6",NA,NA,"http://www.asianux.com/",NA,NA,NA,NA,NA,NA,NA,NA,NA
"N","Happy","#7ecce0","Red Hat","2000.9","2002.5",NA,"http://distrowatch.com/table.php?distribution=happy",NA,NA,NA,NA,NA,NA,NA,NA,NA
"N","Pingo","#203e7f","Red Hat","2000.10.1","2007.1.1",NA,"http://www.pingo.org/",NA,NA,NA,NA,NA,NA,NA,NA,NA
"N","Best","#000","Red Hat","2000.10.24","2004.12.24",NA,"http://distrowatch.com/table.php?distribution=sot","SOT","2002.4.24","http://distrowatch.com/table.php?distribution=sot","LBA","2004.4.16","http://distrowatch.com/table.php?distribution=sot",NA,NA,NA
"N","Rocks","#1e2e41","Red Hat","2000.11",NA,NA,"http://www.rocksclusters.org/",NA,NA,NA,NA,NA,NA,NA,NA,NA
"N","ClarkConnect","#608921","Red Hat","2000.11",NA,NA,"http://www.clarkconnect.com/","ClearOS","2009.10.5","http://www.clearfoundation.com/",NA,NA,NA,NA,NA,NA
"N","ASP","#8888dd","Red Hat","2001.3.22","2008.11.26",NA,"www.asplinux.ru/",NA,NA,NA,NA,NA,NA,NA,NA,NA
"N","Aurora","#ffa51e","Red Hat","2001.11.5","2009.11.8",NA,"http://auroralinux.org/",NA,NA,NA,NA,NA,NA,NA,NA,NA
"N","SuperRescue","#4ba284","Red Hat","2001.5.1","2003",NA,"http://www.kernel.org/pub/dist/superrescue/",NA,NA,NA,NA,NA,NA,NA,NA,NA
"N","Independence","#993333","Red Hat","2001.6","2008",NA,"http://independence.seul.org/",NA,NA,NA,NA,NA,NA,NA,NA,NA
"N","HP Secure","#0d56ce","Red Hat","2001.7.26","2002.10.15",NA,"http://www.hp.com/security/products/linux/",NA,NA,NA,NA,NA,NA,NA,NA,NA
"N","K12","#5ac8f0","Red Hat","2001.7",NA,NA,"http://k12linux.org/",NA,NA,NA,NA,NA,NA,NA,NA,NA
"N","Haydar","#d9a020","Red Hat","2002.1.26","2003.4.6",NA,"http://www.haydarlinux.com/",NA,NA,NA,NA,NA,NA,NA,NA,NA
"N","Bayanihan","#2a5dd5","Red Hat","2002.6.20",NA,NA,"http://www.bayanihan.gov.ph/",NA,NA,NA,NA,NA,NA,NA,NA,NA
"N","Aurox","#6fd96a","Red Hat","2002.11.13","2006.10.30",NA,"http://www.aurox.org/",NA,NA,NA,NA,NA,NA,NA,NA,NA
"N","BLAG","#000","Red Hat","2002.10.22",NA,NA,"http://www.blagblagblag.org/",NA,NA,NA,NA,NA,NA,NA,NA,NA
"N","LinuxInstall","#fdbf44","Red Hat","2003.1.7","2003.7.21",NA,"http://linuxinstall.org/",NA,NA,NA,NA,NA,NA,NA,NA,NA
"N","Berry","#ffc300","Red Hat","2003.4.13",NA,NA,"http://berry.sourceforge.jp/",NA,NA,NA,NA,NA,NA,NA,NA,NA
"N","AnNyung","#4c4c4c","Red Hat","2003.6.14",NA,NA,"http://annyung.oops.org/",NA,NA,NA,NA,NA,NA,NA,NA,NA
"N","ATmission","#a6865f","Red Hat","2003.8.23","2005.9.26",NA,"http://www.atconsultancy.nl/atmission/",NA,NA,NA,NA,NA,NA,NA,NA,NA
"N","Fedora Core","#362e94","Red Hat","2003.11.6",NA,NA,"http://fedoraproject.org/","Fedora","2007.5.31","http://fedoraproject.org/",NA,NA,NA,NA,NA,NA
"N","NST","#000","Fedora Core","2003.12",NA,NA,"http://www.networksecuritytoolkit.org/",NA,NA,NA,NA,NA,NA,NA,NA,NA
"N","Momonga","#832519","Fedora Core","2004.8.6",NA,NA,"http://www.momonga-linux.org/",NA,NA,NA,NA,NA,NA,NA,NA,NA
"N","MythDora","#3399cc","Fedora Core","2005.6",NA,NA,"http://mythdora.com/",NA,NA,NA,NA,NA,NA,NA,NA,NA
"N","AsianLinux","#00e3d4","Fedora Core","2005.7.2","2007.4.29",NA,"http://www.asianlinux.net/",NA,NA,NA,NA,NA,NA,NA,NA,NA
"N","FoX","#f4a651","Fedora Core","2004.10","2006.4",NA,"http://distrowatch.com/table.php?distribution=fox",NA,NA,NA,NA,NA,NA,NA,NA,NA
"N","Ekaaty","#3f7857","Fedora Core","2006.8.15",NA,NA,"http://www.ekaaty.org/",NA,NA,NA,NA,NA,NA,NA,NA,NA
"N","Amahi","#99aa88","Fedora Core","2007",NA,NA,"http://www.amahi.org/",NA,NA,NA,NA,NA,NA,NA,NA,NA
"N","Vixta","#82c846","Fedora Core","2007.9.20",NA,NA,"http://xange.serdigital.com/","Simplis","2008.6","http://xange.serdigital.com/","Xange","2009.1.7","http://xange.serdigital.com/",NA,NA,NA
"N","Ojuba","#437644","Fedora Core","2008.8.7",NA,NA,"http://www.ojuba.org/",NA,NA,NA,NA,NA,NA,NA,NA,NA
"N","Moblin 2","#3366bb","Fedora Core","2008.8.19","2010.5.26",NA,"http://moblin.org/",NA,NA,NA,NA,NA,NA,NA,NA,NA
"N","MeeGo","#4e2174","Moblin 2","2010.5.26",NA,NA,"http://meego.com/",NA,NA,NA,NA,NA,NA,NA,NA,NA
"N","Mer","#002bb8","MeeGo","2011.10.3",NA,NA,"http://merproject.org/",NA,NA,NA,NA,NA,NA,NA,NA,NA
"N","Tizen","#555","MeeGo","2012.1.5",NA,NA,"http://www.tizen.org/",NA,NA,NA,NA,NA,NA,NA,NA,NA
"N","VortexBox","#d92727","Fedora Core","2008.11.28",NA,NA,"http://vortexbox.org/",NA,NA,NA,NA,NA,NA,NA,NA,NA
"N","Hanthana","#3366a9","Fedora Core","2009.11.17",NA,NA,"http://www.hanthana.org/",NA,NA,NA,NA,NA,NA,NA,NA,NA
"N","Synergy","#1aa800","Fedora Core","2010.6.15",NA,NA,"http://synergy-linux.com/",NA,NA,NA,NA,NA,NA,NA,NA,NA
"N","Fusion","#0060ff","Fedora Core","2010.10.14",NA,NA,"http://fusionlinux.org/",NA,NA,NA,NA,NA,NA,NA,NA,NA
"N","Fuduntu","#4aa02c","Fedora Core","2010.11.7",NA,NA,"http://sourceforge.net/projects/fuduntu/",NA,NA,NA,NA,NA,NA,NA,NA,NA
"N","Parsidora","#027ac6","Fedora Core","2010.12.28",NA,NA,"http://parsidora.org/",NA,NA,NA,NA,NA,NA,NA,NA,NA
"N","Viperr","#1e1e1e","Fedora Core","2011.12.13",NA,NA,NA,NA,NA,NA,NA,NA,NA,NA,NA,NA
"N","PUIAS","#b00","Red Hat","2003.12",NA,NA,NA,NA,NA,NA,NA,NA,NA,NA,NA,NA
"N","CentOS","#6f4376","Red Hat","2003.12.1",NA,NA,"http://centos.org/",NA,NA,NA,NA,NA,NA,NA,NA,NA
"N","Asterisk@Home","#599116","CentOS","2004.11.9",NA,NA,"http://www.trixbox.org/","trixbox","2006.6","http://www.trixbox.org/",NA,NA,NA,NA,NA,NA
"N","Elastix","#df1f29","CentOS","2006.12.29",NA,NA,"http://www.elastix.org/",NA,NA,NA,NA,NA,NA,NA,NA,NA
"N","BlueOnyx","#0e264c","CentOS","2008.12.31",NA,NA,"http://www.blueonyx.it/",NA,NA,NA,NA,NA,NA,NA,NA,NA
"N","OpenNode","#004d99","CentOS","2010.2.21",NA,NA,"http://opennodecloud.com/",NA,NA,NA,NA,NA,NA,NA,NA,NA
"N","White Box","#737373","Red Hat","2003.12.17","2009.8",NA,"http://www.whiteboxlinux.org/",NA,NA,NA,NA,NA,NA,NA,NA,NA
"N","Tao","#56c1ff","Red Hat","2004.12.4","2006.6.14",NA,"http://ftp.riken.go.jp/pub/Linux/tao/tao-1.0-s390x/dist/",NA,NA,NA,NA,NA,NA,NA,NA,NA
"N","BioBrew","#21896c","Red Hat","2004.1.20","2005.2.23",NA,"http://biobrew.bioinformatics.org/",NA,NA,NA,NA,NA,NA,NA,NA,NA
"N","CERN","#4078c3","Red Hat","2004.4.16",NA,NA,"http://linux.web.cern.ch/linux/",NA,NA,NA,NA,NA,NA,NA,NA,NA
"N","Scientific","#191756","Red Hat","2004.5.10",NA,NA,"https://www.scientificlinux.org/",NA,NA,NA,NA,NA,NA,NA,NA,NA
"N","StartCom","#000","Red Hat","2004.8.26",NA,NA,"http://www.startcom.org/",NA,NA,NA,NA,NA,NA,NA,NA,NA
"N","Oracle Enterprise","#f00","Red Hat","2006.10.25",NA,NA,"http://www.oracle.com/us/technologies/linux/index.htm",NA,NA,NA,NA,NA,NA,NA,NA,NA
"N","FrameOS","#000","Red Hat","2010.7.15",NA,NA,"http://www.frameos.org/",NA,NA,NA,NA,NA,NA,NA,NA,NA
"N","ServOS","#4b78a7","Red Hat","2011.7",NA,NA,"http://www.serv-os.net/",NA,NA,NA,NA,NA,NA,NA,NA,NA
