Class,Methods,Over-exposed methods
re,3,0
Messages in org::apache::xml::serializer::utils (Class),8,0
LangCall in org::apache::xalan::xsltc::compiler (Class),4,0
ObjectFactory in org::apache::xalan::xsltc::compiler::util (Class),11,0
XMLChar in org::apache::xml::serializer::utils (Class),22,0
ElemUse in org::apache::xalan::templates (Class),7,0
SerializerMessages_en in org::apache::xml::serializer::utils (Class),0,0
Util in org::apache::xalan::xsltc::trax (Class),4,0
XUnresolvedVariableSimple in org::apache::xalan::templates (Class),5,0
InternalError in org::apache::xalan::xsltc::compiler::util (Class),1,0
Mult in org::apache::xpath::operations (Class),4,0
MissingOptArgException in org::apache::xalan::xsltc::cmdline::getopt (Class),2,0
ObjectFactory in org::apache::xalan::xsltc::trax (Class),11,0
ToTextStream in org::apache::xml::serializer (Class),25,0
anonymous(PrivilegedAction) in org::apache::xalan::xsltc::trax::SecuritySupport12.getLastModified() (Class),1,0
Encodings in org::apache::xml::serializer (Class),15,0
TreeWalker in org::apache::xml::serializer (Class),9,0
DescendantIterator in org::apache::xml::dtm::ref::sax2dtm::SAX2DTM2 (Class),5,0
ConfigurationError in org::apache::xalan::xsltc::trax::ObjectFactory (Class),3,0
XMLNSDecl in org::apache::xalan::templates (Class),5,2
StringLengthCall in org::apache::xalan::xsltc::compiler (Class),2,0
anonymous(PrivilegedAction) in org::apache::xml::serializer::SecuritySupport12.getSystemClassLoader() (Class),1,0
DOM2DOM in <Default Package> (Class),1,0
SecuritySupport12 in org::apache::xml::serializer (Class),9,0
VarNameCollector in org::apache::xalan::templates (Class),6,3
AttributeIterator in org::apache::xml::dtm::ref::DTMDefaultBaseIterators (Class),3,1
anonymous(PrivilegedAction) in org::apache::xalan::xsltc::dom::SecuritySupport12.getLastModified() (Class),1,0
ElemContext in org::apache::xml::serializer (Class),6,0
OutlineableChunkEnd in org::apache::xalan::xsltc::compiler::util (Class),5,1
TrAXFilter in org::apache::xalan::transformer (Class),8,0
ExtensionTest in <Default Package> (Class),1,0
ElemTextLiteral in org::apache::xalan::templates (Class),12,1
ExtensionNamespaceSupport in org::apache::xalan::extensions (Class),4,2
XPATHMessages in org::apache::xpath::res (Class),2,0
BinOpExpr in org::apache::xalan::xsltc::compiler (Class),8,0
XBooleanStatic in org::apache::xpath::objects (Class),3,0
MultistepExprHolder in org::apache::xalan::templates::RedundentExprEliminator (Class),6,1
XStringForChars in org::apache::xpath::objects (Class),13,0
Comment in org::apache::xalan::xsltc::compiler (Class),3,0
OutlineableChunkStart in org::apache::xalan::xsltc::compiler::util (Class),5,1
MultiDOM in org::apache::xalan::xsltc::dom (Class),54,2
NamespaceAlias in org::apache::xalan::templates (Class),11,2
ElemParam in org::apache::xalan::templates (Class),7,0
Keywords in org::apache::xpath::compiler (Class),5,0
XPathExpressionImpl in org::apache::xpath::domapi (Class),2,0
XPathAPI in org::apache::xpath (Class),9,0
XSLTErrorResources_zh_TW in org::apache::xalan::res (Class),4,0
Param in org::apache::xalan::xsltc::compiler (Class),8,0
anonymous(PrivilegedAction) in org::apache::xml::serializer::SecuritySupport12.getParentClassLoader() (Class),1,0
SmartTransformerFactoryImpl in org::apache::xalan::xsltc::trax (Class),22,0
AnyNodeCounter in org::apache::xalan::xsltc::dom (Class),4,0
ObjectVector in org::apache::xml::utils (Class),22,0
anonymous(PrivilegedAction) in org::apache::xalan::xsltc::trax::SecuritySupport12.getResourceAsStream() (Class),1,0
ExternalConnection in <Default Package> (Class),1,0
DTMNodeList in org::apache::xml::dtm::ref (Class),5,0
NamespaceUriCall in org::apache::xalan::xsltc::compiler (Class),3,0
XSLTErrorResources_sl in org::apache::xalan::res (Class),4,0
XPathVisitor in org::apache::xpath (Class),12,0
SerializerConstants in org::apache::xml::serializer (Class),1,0
ErrorMessages_zh_TW in org::apache::xalan::xsltc::runtime (Class),1,0
EqualityExpr in org::apache::xalan::xsltc::compiler (Class),12,3
anonymous(PrivilegedAction) in org::apache::xalan::extensions::SecuritySupport12.getSystemProperty() (Class),1,0
anonymous(PrivilegedExceptionAction) in org::apache::xalan::xsltc::compiler::SecuritySupport12.getFileInputStream() (Class),1,0
CollatorFactory in org::apache::xalan::xsltc (Class),2,0
Hashtable in org::apache::xalan::xsltc::runtime (Class),15,3
Minus in org::apache::xpath::operations (Class),4,0
BitArray in org::apache::xalan::xsltc::dom (Class),17,1
OpMap in org::apache::xpath::compiler (Class),22,2
LessThanComparator in org::apache::xpath::objects (Class),3,0
Copy in org::apache::xalan::xsltc::compiler (Class),4,0
DTMManagerDefault in org::apache::xml::dtm::ref (Class),18,0
ErrorMessages_ja in org::apache::xalan::xsltc::compiler::util (Class),1,0
Comparator in org::apache::xpath::objects (Class),2,0
TransformThread in <Default Package> (Class),8,0
ErrorMessages_ru in org::apache::xalan::xsltc::compiler::util (Class),1,0
AttributesImplSerializer in org::apache::xml::serializer (Class),8,1
FuncLast in org::apache::xpath::functions (Class),5,0
OptionMatcher in org::apache::xalan::xsltc::cmdline::getopt::GetOpt (Class),4,0
ErrorMessages_fr in org::apache::xalan::xsltc::compiler::util (Class),1,0
SerializerMessages_pl in org::apache::xml::serializer::utils (Class),1,0
SecuritySupport12 in org::apache::xalan::xsltc::dom (Class),9,0
JNDIConnectionPool in org::apache::xalan::lib::sql (Class),20,1
anonymous(PrivilegedAction) in org::apache::xalan::lib::sql::SecuritySupport12.getLastModified() (Class),1,0
anonymous(PrivilegedAction) in org::apache::xalan::xsltc::dom::SecuritySupport12.getContextClassLoader() (Class),1,0
MessageFrame in <Default Package>::TransformApplet (Class),1,0
XPATHErrorResources_cs in org::apache::xpath::res (Class),4,0
FuncString in org::apache::xpath::functions (Class),2,0
XSLTElementDef in org::apache::xalan::processor (Class),38,7
XMLStringFactoryDefault in org::apache::xml::utils (Class),5,0
anonymous(PrivilegedAction) in org::apache::xalan::xsltc::compiler::SecuritySupport12.getSystemProperty() (Class),1,0
anonymous(PrivilegedAction) in org::apache::xml::serializer::SecuritySupport12.getFileExists() (Class),1,0
MyNamespaceContext in <Default Package>::XPathResolver (Class),4,1
Plus in org::apache::xpath::operations (Class),4,0
ElemCopy in org::apache::xalan::templates (Class),4,0
StringArrayWrapper in org::apache::xml::utils::res (Class),3,0
anonymous(PrivilegedAction) in org::apache::xalan::xsltc::runtime::SecuritySupport12.getSystemClassLoader() (Class),1,0
ExpressionContext in org::apache::xalan::extensions (Class),7,0
OutputProperties in org::apache::xalan::templates (Class),36,0
TypedNamespaceIterator in org::apache::xalan::xsltc::dom::SAXImpl (Class),2,0
PIA in servlet (Class),3,0
TreeWalker in org::apache::xml::utils (Class),12,0
ConfigurationError in org::apache::xalan::xsltc::compiler::ObjectFactory (Class),3,0
XSLInfiniteLoopException in org::apache::xalan::transformer (Class),2,0
anonymous(PrivilegedAction) in org::apache::xalan::xsltc::compiler::util::SecuritySupport12.getLastModified() (Class),1,0
MappingRecord in org::apache::xml::serializer::NamespaceMappings (Class),1,0
anonymous(PrivilegedAction) in org::apache::xalan::xslt::SecuritySupport12.getParentClassLoader() (Class),1,0
anonymous(PrivilegedAction) in org::apache::xpath::functions::SecuritySupport12.getContextClassLoader() (Class),1,0
WithParam in org::apache::xalan::xsltc::compiler (Class),10,2
ProcessorUnknown in org::apache::xalan::processor (Class),2,1
anonymous(PrivilegedAction) in org::apache::xalan::xsltc::compiler::SecuritySupport12.getParentClassLoader() (Class),1,0
SerializerMessages_cs in org::apache::xml::serializer::utils (Class),1,0
ObjectFactory in org::apache::xalan::xsltc::dom (Class),11,0
MultiValuedNodeHeapIterator in org::apache::xalan::xsltc::dom (Class),10,0
SerializerMessages_fr in org::apache::xml::serializer::utils (Class),1,0
XPATHErrorResources_sv in org::apache::xpath::res (Class),2,0
ExtensionHandlerJavaPackage in org::apache::xalan::extensions (Class),6,0
FilterExprIterator in org::apache::xpath::axes (Class),13,0
PrefixResolverDefault in org::apache::xml::utils (Class),5,0
LiteralElement in org::apache::xalan::xsltc::compiler (Class),19,2
SourceTreeManager in org::apache::xpath (Class),14,1
DTMDocument in org::apache::xalan::lib::sql (Class),97,0
ErrorMessages_fr in org::apache::xalan::xsltc::runtime (Class),1,0
InEncoding in org::apache::xml::serializer::EncodingInfo (Class),2,0
DescendantOrSelfFromRootTraverser in org::apache::xml::dtm::ref::DTMDefaultBaseTraversers (Class),5,0
ElemIf in org::apache::xalan::templates (Class),8,0
ApplyXPathJAXP in <Default Package> (Class),5,0
FuncConcat in org::apache::xpath::functions (Class),4,0
anonymous(PrivilegedAction) in org::apache::xalan::lib::sql::SecuritySupport12.getResourceAsStream() (Class),1,0
OutputPropertyUtils in org::apache::xml::serializer (Class),2,0
AttributeSetMethodGenerator in org::apache::xalan::xsltc::compiler::util (Class),9,0
Parser in org::apache::xalan::xsltc::compiler (Class),78,13
CurrentCall in org::apache::xalan::xsltc::compiler (Class),2,0
TemplateWalker in org::apache::xalan::templates::TemplateList (Class),3,0
NodeLocator in org::apache::xml::dtm::ref (Class),6,0
IteratorCache in org::apache::xpath::axes::NodeSequence (Class),7,0
LogicalExpr in org::apache::xalan::xsltc::compiler (Class),11,1
PrecedingIterator in org::apache::xml::dtm::ref::DTMDefaultBaseIterators (Class),9,1
DocumentHolder in org::apache::xalan::lib::Extensions (Class),1,0
SerializerFactory in org::apache::xml::serializer (Class),3,0
Lte in org::apache::xpath::operations (Class),3,0
XSLTErrorResources_ko in org::apache::xalan::res (Class),4,0
CharInfo in org::apache::xml::serializer (Class),19,0
ErrorMessages_es in org::apache::xalan::xsltc::compiler::util (Class),1,0
SerializerMessages_de in org::apache::xml::serializer::utils (Class),1,0
SerializerFactory in org::apache::xalan::serialize (Class),2,0
TemplatesImpl in org::apache::xalan::xsltc::trax (Class),19,1
NumberFormatStringTokenizer in org::apache::xalan::templates::ElemNumber (Class),7,4
DescendantTraverser in org::apache::xml::dtm::ref::DTMDefaultBaseTraversers (Class),9,0
EqualComparator in org::apache::xpath::objects (Class),3,0
filterExprOwner in org::apache::xpath::axes::FilterExprIteratorSimple (Class),3,0
BoolStack in org::apache::xml::utils (Class),14,0
JAXPExtensionsProvider in org::apache::xpath::jaxp (Class),7,0
TransformerHandlerImpl in org::apache::xalan::transformer (Class),36,1
WrappedRuntimeException in org::apache::xml::serializer::utils (Class),4,0
FuncCeiling in org::apache::xpath::functions (Class),2,0
FuncGenerateId in org::apache::xpath::functions (Class),2,0
Constants in org::apache::xalan::xsltc::runtime (Class),1,0
SimpleAttributeValue in org::apache::xalan::xsltc::compiler (Class),5,0
Constants in org::apache::xml::utils (Class),1,0
ErrorMessages_sl in org::apache::xalan::xsltc::compiler::util (Class),1,0
SyntaxTreeNode in org::apache::xalan::xsltc::compiler (Class),58,5
XNumber in org::apache::xpath::objects (Class),14,0
ElemPI in org::apache::xalan::templates (Class),8,0
XSLTErrorResources_tr in org::apache::xalan::res (Class),4,0
ElemLiteralResult in org::apache::xalan::templates (Class),37,2
CurrentNodeListIterator in org::apache::xalan::xsltc::dom (Class),14,0
WalkingIteratorSorted in org::apache::xpath::axes (Class),6,0
anonymous(PrivilegedAction) in org::apache::xalan::xsltc::cmdline::SecuritySupport12.getLastModified() (Class),1,0
NamespaceSupport in org::apache::xml::serializer::dom3 (Class),11,4
FuncSum in org::apache::xpath::functions (Class),2,0
ConfigurationError in org::apache::xalan::xsltc::runtime::ObjectFactory (Class),3,0
XPATHErrorResources_es in org::apache::xpath::res (Class),4,0
anonymous(PrivilegedAction) in org::apache::xalan::extensions::SecuritySupport12.getLastModified() (Class),1,0
NamespaceChildrenIterator in org::apache::xml::dtm::ref::DTMDefaultBaseIterators (Class),3,0
NamespaceMappings in org::apache::xml::serializer (Class),16,0
ErrorMessages_it in org::apache::xalan::xsltc::compiler::util (Class),1,0
TypedDescendantIterator in org::apache::xml::dtm::ref::DTMDefaultBaseIterators (Class),2,0
AttributeTraverser in org::apache::xml::dtm::ref::DTMDefaultBaseTraversers (Class),3,0
SelfIteratorNoPredicate in org::apache::xpath::axes (Class),6,0
ParentIterator in org::apache::xml::dtm::ref::sax2dtm::SAX2DTM2 (Class),5,0
TypedSingletonIterator in org::apache::xml::dtm::ref::DTMDefaultBaseIterators (Class),2,0
ProcessorStripSpace in org::apache::xalan::processor (Class),3,0
ConfigurationError in org::apache::xpath::functions::ObjectFactory (Class),3,0
ConfigurationError in org::apache::xml::utils::ObjectFactory (Class),3,0
RootIterator in org::apache::xml::dtm::ref::DTMDefaultBaseIterators (Class),3,0
MessageHandler in org::apache::xalan::xsltc::runtime (Class),1,0
CachedDocument in org::apache::xalan::xsltc::dom::DocumentCache (Class),14,7
SelectionEvent in org::apache::xalan::trace (Class),1,0
ExpressionOwner in org::apache::xpath (Class),2,0
PredicatedNodeTest in org::apache::xpath::axes (Class),27,3
PipeDocument in org::apache::xalan::lib (Class),2,0
ToSAXHandler in org::apache::xml::serializer (Class),28,3
XResources_cy in org::apache::xml::utils::res (Class),1,0
SecuritySupport in org::apache::xml::dtm (Class),11,1
StackGuard in org::apache::xalan::transformer (Class),7,0
anonymous(XPathFunction) in <Default Package>::XPathResolver::MyFunctionResolver.resolveFunction() (Class),1,0
BoolStack in org::apache::xml::serializer::ToStream (Class),13,5
MethodResolver in org::apache::xalan::extensions (Class),11,0
TransletException in org::apache::xalan::xsltc (Class),4,0
AncestorPattern in org::apache::xalan::xsltc::compiler (Class),11,0
Axis in org::apache::xml::dtm (Class),4,1
GenerateEvent in org::apache::xalan::trace (Class),5,0
XConnection in org::apache::xalan::lib::sql (Class),41,2
QueuedEvents in org::apache::xalan::transformer (Class),7,2
SerializerTrace in org::apache::xml::serializer (Class),7,1
KeyIndexIterator in org::apache::xalan::xsltc::dom::KeyIndex (Class),9,0
ExsltCommon in org::apache::xalan::lib (Class),2,0
anonymous(PrivilegedAction) in org::apache::xalan::lib::sql::SecuritySupport12.getFileExists() (Class),1,0
ObjectFactory in org::apache::xalan::extensions (Class),11,0
ExsltStrings in org::apache::xalan::lib (Class),9,0
DOM2DTMdefaultNamespaceDeclarationNode in org::apache::xml::dtm::ref::dom2dtm (Class),50,10
SymbolTable in org::apache::xalan::xsltc::compiler (Class),28,1
StringToIntTable in org::apache::xml::utils (Class),9,0
KeyManager in org::apache::xalan::transformer (Class),3,1
ProcessorNamespaceAlias in org::apache::xalan::processor (Class),3,0
LoadDocument in org::apache::xalan::xsltc::dom (Class),7,0
ElemApplyImport in org::apache::xalan::templates (Class),5,0
BasicTestIterator in org::apache::xpath::axes (Class),8,1
HashtableEntry in org::apache::xalan::xsltc::runtime (Class),2,0
XResources_ka in org::apache::xml::utils::res (Class),1,0
anonymous(PrivilegedAction) in org::apache::xml::utils::SecuritySupport12.getContextClassLoader() (Class),1,0
Output in org::apache::xalan::xsltc::compiler (Class),10,4
XMLStringFactoryImpl in org::apache::xpath::objects (Class),7,1
XPATHErrorResources_de in org::apache::xpath::res (Class),4,0
TypedPrecedingSiblingIterator in org::apache::xml::dtm::ref::sax2dtm::SAX2DTM2 (Class),3,0
ConcatCall in org::apache::xalan::xsltc::compiler (Class),3,0
XPath in org::apache::xpath (Class),19,1
XMLChar in org::apache::xml::utils (Class),23,0
anonymous(PrivilegedAction) in org::apache::xml::dtm::ref::SecuritySupport12.getFileExists() (Class),1,0
NamespaceIterator in org::apache::xml::dtm::ref::DTMDefaultBaseIterators (Class),3,0
ConfigurationError in org::apache::xml::dtm::ObjectFactory (Class),3,0
Import in org::apache::xalan::xsltc::compiler (Class),5,0
ElemDesc in org::apache::xml::utils (Class),5,0
IntDate in <Default Package> (Class),1,0
filterExprOwner in org::apache::xpath::axes::FilterExprWalker (Class),3,0
OrderedProps in servlet (Class),3,0
FuncSubstringBefore in org::apache::xpath::functions (Class),2,0
FilteredAbsoluteLocationPath in org::apache::xalan::xsltc::compiler (Class),7,0
NodeSequence in org::apache::xpath::axes (Class),43,5
ErrorMessages_pl in org::apache::xalan::xsltc::compiler::util (Class),1,0
DTMWSFilter in org::apache::xml::dtm (Class),2,0
FuncSubstring in org::apache::xpath::functions (Class),4,0
MultipleNodeCounter in org::apache::xalan::xsltc::dom (Class),5,0
XSLTElementProcessor in org::apache::xalan::processor (Class),16,0
DocumentCall in org::apache::xalan::xsltc::compiler (Class),4,0
AncestorIterator in org::apache::xml::dtm::ref::DTMDefaultBaseIterators (Class),10,1
NodeSet in org::apache::xpath (Class),62,3
anonymous(PrivilegedAction) in org::apache::xml::utils::SecuritySupport12.getLastModified() (Class),1,0
anonymous(PrivilegedAction) in org::apache::xml::serializer::SecuritySupport12.getLastModified() (Class),1,0
TypedFollowingIterator in org::apache::xml::dtm::ref::DTMDefaultBaseIterators (Class),2,0
KeyDeclaration in org::apache::xalan::templates (Class),12,0
Bool in org::apache::xpath::operations (Class),4,0
TypedRootIterator in org::apache::xml::dtm::ref::sax2dtm::SAX2DTM2 (Class),2,0
NodeSortKey in org::apache::xalan::transformer (Class),1,0
DescendantOrSelfTraverser in org::apache::xml::dtm::ref::DTMDefaultBaseTraversers (Class),3,0
ElemSort in org::apache::xalan::templates (Class),15,0
ParentIterator in org::apache::xml::dtm::ref::DTMDefaultBaseIterators (Class),5,1
FollowingSiblingIterator in org::apache::xml::dtm::ref::DTMDefaultBaseIterators (Class),3,1
Version in org::apache::xalan (Class),8,7
DOM in org::apache::xalan::xsltc (Class),45,4
XResourceBundle in org::apache::xml::utils::res (Class),4,0
StringVector in org::apache::xml::utils (Class),12,0
XPATHErrorResources_en in org::apache::xpath::res (Class),0,0
TemplateSubPatternAssociation in org::apache::xalan::templates (Class),16,6
ToHTMLStream in org::apache::xml::serializer (Class),39,0
FuncNamespace in org::apache::xpath::functions (Class),2,0
ElemElement in org::apache::xalan::templates (Class),12,0
ProcessorTemplateElem in org::apache::xalan::processor (Class),5,1
XResources_ko in org::apache::xml::utils::res (Class),1,0
ProcessingInstructionPattern in org::apache::xalan::xsltc::compiler (Class),8,0
DTMChildIterNodeList in org::apache::xml::dtm::ref (Class),4,0
SerializerMessages_ko in org::apache::xml::serializer::utils (Class),1,0
DTMStringPool in org::apache::xml::dtm::ref (Class),7,2
ContextNodeList in org::apache::xpath::axes (Class),12,0
anonymous(PrivilegedAction) in org::apache::xalan::xsltc::cmdline::SecuritySupport12.getSystemProperty() (Class),1,0
WalkingIterator in org::apache::xpath::axes (Class),18,1
Expression in org::apache::xalan::xsltc::compiler (Class),20,6
anonymous(PrivilegedAction) in org::apache::xml::dtm::SecuritySupport12.getParentClassLoader() (Class),1,0
FuncLocalPart in org::apache::xpath::functions (Class),2,0
NodeCounter in org::apache::xalan::xsltc::dom (Class),16,1
EmptyFilter in org::apache::xalan::xsltc::dom (Class),1,0
DTMException in org::apache::xml::dtm (Class),16,2
JAXPTransletOneTransformation in <Default Package> (Class),1,0
anonymous(FilenameFilter) in org::apache::xalan::xsltc::trax::TransformerFactoryImpl.getBytecodesFromClasses() (Class),1,0
XPATHErrorResources_ca in org::apache::xpath::res (Class),4,0
ExpressionVisitor in org::apache::xalan::extensions (Class),2,0
NSInfo in org::apache::xml::utils (Class),4,0
CharArrayWrapper in org::apache::xml::utils::res (Class),3,0
ClonerToResultTree in org::apache::xalan::transformer (Class),1,0
FuncId in org::apache::xpath::functions (Class),3,0
ElemChoose in org::apache::xalan::templates (Class),7,0
SecuritySupport12 in org::apache::xalan::xsltc::runtime (Class),9,0
anonymous(PrivilegedExceptionAction) in org::apache::xml::dtm::ref::SecuritySupport12.getFileInputStream() (Class),1,0
WrongParserException in org::apache::xml::utils (Class),2,0
IntStack in org::apache::xml::utils (Class),12,0
Node in org::apache::xalan::xsltc::runtime (Class),1,0
WriterToUTF8Buffered in org::apache::xml::serializer (Class),10,1
AttributeValueTemplate in org::apache::xalan::xsltc::compiler (Class),6,0
ErrorMessages in org::apache::xalan::xsltc::runtime (Class),1,0
XSLTErrorResources_pt_BR in org::apache::xalan::res (Class),4,0
anonymous(PrivilegedExceptionAction) in org::apache::xalan::extensions::SecuritySupport12.getFileInputStream() (Class),1,0
anonymous(PrivilegedAction) in org::apache::xalan::xsltc::runtime::SecuritySupport12.getFileExists() (Class),1,0
DOMOutputImpl in org::apache::xml::serializer::dom3 (Class),10,0
Stack in org::apache::xml::serializer::NamespaceMappings (Class),11,6
SecuritySupport12 in org::apache::xml::dtm (Class),9,0
ExtendedSAX in org::apache::xalan::xsltc::dom (Class),0,0
NodeConsumer in org::apache::xml::utils (Class),1,0
FuncTranslate in org::apache::xpath::functions (Class),2,0
PathComponent in org::apache::xpath::axes (Class),1,1
WalkerFactory in org::apache::xpath::axes (Class),51,0
DOM2DTM in org::apache::xml::dtm::ref::dom2dtm (Class),40,0
ElemTemplate in org::apache::xalan::templates (Class),23,2
DTMFilter in org::apache::xml::dtm (Class),3,0
anonymous(PrivilegedAction) in org::apache::xpath::functions::SecuritySupport12.getSystemClassLoader() (Class),1,0
TypedDescendantIterator in org::apache::xml::dtm::ref::sax2dtm::SAX2DTM2 (Class),2,0
DOMSerializer in org::apache::xalan::serialize (Class),0,0
SerializerMessages_zh_CN in org::apache::xml::serializer::utils (Class),0,0
GetOpt in org::apache::xalan::xsltc::cmdline::getopt (Class),6,0
SecuritySupport in org::apache::xml::utils (Class),11,1
Pattern in org::apache::xalan::xsltc::compiler (Class),4,1
DTMDefaultBase in org::apache::xml::dtm::ref (Class),94,1
TrAXFilter in org::apache::xalan::xsltc::trax (Class),7,0
anonymous(ClassGenerator) in org::apache::xalan::xsltc::compiler::util::MethodGenerator.outline() (Class),1,0
ErrorMessages_de in org::apache::xalan::xsltc::runtime (Class),1,0
SimpleIterator in org::apache::xalan::xsltc::dom::SimpleResultTreeImpl (Class),8,1
ElemText in org::apache::xalan::templates (Class),6,0
XPATHErrorResources in org::apache::xpath::res (Class),4,0
TransformSnapshotImpl in org::apache::xalan::transformer (Class),2,0
ApplyTemplates in org::apache::xalan::xsltc::compiler (Class),6,0
anonymous(PrivilegedAction) in org::apache::xpath::functions::SecuritySupport12.getResourceAsStream() (Class),1,0
XResources_he in org::apache::xml::utils::res (Class),1,0
TypedSingletonIterator in org::apache::xml::dtm::ref::sax2dtm::SAX2DTM2 (Class),2,0
anonymous(PrivilegedAction) in org::apache::xalan::xslt::SecuritySupport12.getLastModified() (Class),1,0
CollatorFactoryBase in org::apache::xalan::xsltc::dom (Class),4,0
XPATHErrorResources_zh_CN in org::apache::xpath::res (Class),0,0
StepPattern in org::apache::xpath::patterns (Class),32,3
SingleNodeCounter in org::apache::xalan::xsltc::dom (Class),5,0
NodeTest in org::apache::xalan::xsltc::compiler (Class),1,0
TypedNamespaceIterator in org::apache::xml::dtm::ref::DTMDefaultBaseIterators (Class),2,0
DTMTreeWalker in org::apache::xml::dtm::ref (Class),11,2
WhiteSpaceInfo in org::apache::xalan::templates (Class),5,0
Sort in org::apache::xalan::xsltc::compiler (Class),20,0
XMLMessages in org::apache::xml::res (Class),7,0
SerializerTraceWriter in org::apache::xml::serializer (Class),10,0
ElemOtherwise in org::apache::xalan::templates (Class),3,0
AxesWalker in org::apache::xpath::axes (Class),28,8
RTFIterator in org::apache::xpath::axes (Class),2,0
anonymous(PrivilegedExceptionAction) in org::apache::xalan::xsltc::dom::SecuritySupport12.getFileInputStream() (Class),1,0
DOMSerializerWrapper in org::apache::xalan::serialize::SerializerFactory (Class),2,0
StringStack in org::apache::xalan::xsltc::compiler::util (Class),4,0
AbsPathChecker in org::apache::xalan::templates (Class),5,1
FuncSubstringAfter in org::apache::xpath::functions (Class),2,0
XPathContext in org::apache::xpath (Class),84,9
TestGenerator in org::apache::xalan::xsltc::compiler::util (Class),15,0
Attributes in org::apache::xalan::xsltc::runtime (Class),7,0
StringType in org::apache::xalan::xsltc::compiler::util (Class),18,1
SecuritySupport12 in org::apache::xalan::xsltc::trax (Class),9,0
ProcessorInclude in org::apache::xalan::processor (Class),11,4
ExtensionHandlerExsltFunction in org::apache::xalan::extensions (Class),9,0
ProcessorVersion in org::apache::xalan::xsltc (Class),2,0
SingletonIterator in org::apache::xalan::xsltc::dom (Class),8,0
NthDescendantIterator in org::apache::xml::dtm::ref::DTMDefaultBaseIterators (Class),2,0
DTMNodeIterator in org::apache::xml::dtm::ref (Class),10,0
anonymous(PrivilegedAction) in org::apache::xml::dtm::ref::SecuritySupport12.getResourceAsStream() (Class),1,0
MalformedURIException in org::apache::xml::utils::URI (Class),2,0
ArgumentList in org::apache::xalan::xsltc::compiler (Class),2,0
WriterChain in org::apache::xml::serializer (Class),9,2
anonymous(PrivilegedAction) in org::apache::xalan::lib::sql::SecuritySupport12.getSystemProperty() (Class),1,0
Handler in <Default Package>::Validate (Class),10,0
LeftExprOwner in org::apache::xpath::operations::Operation (Class),3,0
ErrorMessages_no in org::apache::xalan::xsltc::runtime (Class),1,0
ObjectFactory in org::apache::xml::dtm (Class),11,1
StringCall in org::apache::xalan::xsltc::compiler (Class),3,0
FuncNumber in org::apache::xpath::functions (Class),2,0
FuncQname in org::apache::xpath::functions (Class),2,0
WriterToASCI in org::apache::xml::serializer (Class),8,0
Hashtree2Node in org::apache::xml::utils (Class),1,0
XResources_ja_JP_HA in org::apache::xml::utils::res (Class),1,0
MyFunctionResolver in <Default Package>::XPathResolver (Class),2,1
anonymous(PrivilegedAction) in org::apache::xalan::xslt::SecuritySupport12.getSystemClassLoader() (Class),1,0
FuncFloor in org::apache::xpath::functions (Class),2,0
ObjectFactory in org::apache::xml::serializer (Class),11,0
Key in org::apache::xalan::xsltc::compiler (Class),5,1
ProcessorStylesheetDoc in org::apache::xalan::processor (Class),2,1
IntType in org::apache::xalan::xsltc::compiler::util (Class),27,1
Include in org::apache::xalan::xsltc::compiler (Class),5,1
XPathImpl in org::apache::xpath::jaxp (Class),20,0
XSLProcessorContext in org::apache::xalan::extensions (Class),7,0
UseXMLFilters in <Default Package> (Class),1,0
XMLErrorResources_ru in org::apache::xml::res (Class),4,0
ChildTraverser in org::apache::xml::dtm::ref::DTMDefaultBaseTraversers (Class),6,0
DescendantFromRootTraverser in org::apache::xml::dtm::ref::DTMDefaultBaseTraversers (Class),5,0
anonymous(PrivilegedAction) in org::apache::xalan::xsltc::dom::SecuritySupport12.getSystemProperty() (Class),1,0
Choose in org::apache::xalan::xsltc::compiler (Class),2,0
FuncPosition in org::apache::xpath::functions (Class),5,0
XPathNSResolverImpl in org::apache::xpath::domapi (Class),2,0
anonymous(PrivilegedAction) in org::apache::xalan::xsltc::cmdline::SecuritySupport12.getContextClassLoader() (Class),1,0
XPathDumper in org::apache::xpath::compiler (Class),0,0
AlternativePattern in org::apache::xalan::xsltc::compiler (Class),8,2
CustomStringPool in org::apache::xml::dtm::ref (Class),5,0
SerializerMessages_hu in org::apache::xml::serializer::utils (Class),1,0
UseStylesheetParam in <Default Package> (Class),1,0
JAXPPrefixResolver in org::apache::xpath::jaxp (Class),6,0
TransformServlet in <Default Package> (Class),5,0
ExsltMath in org::apache::xalan::lib (Class),19,0
XResources_ja_JP_HI in org::apache::xml::utils::res (Class),1,0
PrefixResolver in org::apache::xml::utils (Class),4,0
DOMWSFilter in org::apache::xalan::xsltc::dom (Class),2,0
DOM2Helper in org::apache::xml::serializer::utils (Class),4,0
DTMDefaultBaseTraversers in org::apache::xml::dtm::ref (Class),3,0
anonymous(NodeList) in org::apache::xalan::templates::ElemLiteralResult::Attribute.getChildNodes() (Class),2,0
TransformRemote in <Default Package> (Class),1,0
PrecedingTraverser in org::apache::xml::dtm::ref::DTMDefaultBaseTraversers (Class),4,0
When in org::apache::xalan::xsltc::compiler (Class),7,2
VariableRefBase in org::apache::xalan::xsltc::compiler (Class),8,2
Transform in <Default Package> (Class),4,1
AncestorIterator in org::apache::xml::dtm::ref::sax2dtm::SAX2DTM2 (Class),10,0
anonymous(PrivilegedAction) in org::apache::xml::utils::SecuritySupport12.getSystemClassLoader() (Class),1,0
EnvironmentCheck in org::apache::xalan::xslt (Class),19,0
NotCall in org::apache::xalan::xsltc::compiler (Class),3,0
anonymous(PrivilegedAction) in org::apache::xalan::xslt::SecuritySupport12.getFileExists() (Class),1,0
Option in org::apache::xalan::xsltc::cmdline::getopt::GetOpt (Class),6,3
XPathFunctionImpl in org::apache::xalan::extensions (Class),3,0
CompileServlet in <Default Package> (Class),1,0
anonymous(PrivilegedAction) in org::apache::xalan::xsltc::runtime::SecuritySupport12.getContextClassLoader() (Class),1,0
SQLDocument in org::apache::xalan::lib::sql (Class),18,3
DescendantIterator in org::apache::xpath::axes (Class),10,0
ElemValueOf in org::apache::xalan::templates (Class),12,3
FunctionOwner in org::apache::xpath::patterns::FunctionPattern (Class),3,0
AdaptiveResultTreeImpl in org::apache::xalan::xsltc::dom (Class),122,1
DOMLocatorImpl in org::apache::xml::serializer::dom3 (Class),11,0
IllegalCharException in org::apache::xalan::xsltc::compiler (Class),2,0
anonymous(PrivilegedAction) in org::apache::xalan::xsltc::runtime::SecuritySupport12.getParentClassLoader() (Class),1,0
anonymous(PrivilegedAction) in org::apache::xalan::xsltc::compiler::SecuritySupport12.getLastModified() (Class),1,0
DescendantIterator in org::apache::xml::dtm::ref::DTMDefaultBaseIterators (Class),5,1
ElemCopyOf in org::apache::xalan::templates (Class),9,0
IndexedDTMAxisTraverser in org::apache::xml::dtm::ref::DTMDefaultBaseTraversers (Class),4,0
Counter in org::apache::xalan::transformer (Class),4,0
ObjectFactory in org::apache::xpath::functions (Class),11,0
anonymous(XNodeSet) in org::apache::xalan::transformer::KeyTable.getNodeSetDTMByKey() (Class),1,0
anonymous(PrivilegedAction) in org::apache::xalan::lib::sql::SecuritySupport12.getSystemClassLoader() (Class),1,0
BasisLibrary in org::apache::xalan::xsltc::runtime (Class),72,1
OutputPropertiesFactory in org::apache::xml::serializer (Class),5,0
CachedNodeListIterator in org::apache::xalan::xsltc::dom (Class),12,0
ErrorMessages_hu in org::apache::xalan::xsltc::runtime (Class),1,0
UnionChildIterator in org::apache::xpath::axes (Class),5,1
ErrorMessages_pt_BR in org::apache::xalan::xsltc::runtime (Class),1,0
XSLTErrorResources_ru in org::apache::xalan::res (Class),4,0
XSLTVisitor in org::apache::xalan::templates (Class),8,0
DOMBuilder in org::apache::xml::utils (Class),34,0
Step in org::apache::xalan::xsltc::compiler (Class),17,3
FilterExprIteratorSimple in org::apache::xpath::axes (Class),15,0
ObjectPool in org::apache::xml::utils (Class),8,0
ApplyXSLT in servlet (Class),17,0
TypedAncestorIterator in org::apache::xml::dtm::ref::DTMDefaultBaseIterators (Class),2,0
AttributeIterator in org::apache::xml::dtm::ref::sax2dtm::SAX2DTM2 (Class),3,0
XResources_fr in org::apache::xml::utils::res (Class),1,0
EmptyIterator in org::apache::xml::dtm::ref (Class),15,0
XResources_el in org::apache::xml::utils::res (Class),1,0
Trace in <Default Package> (Class),1,0
XMLErrorResources_es in org::apache::xml::res (Class),4,0
ObjectFactory in org::apache::xml::utils (Class),11,0
RelativeLocationPath in org::apache::xalan::xsltc::compiler (Class),2,1
FuncKey in org::apache::xalan::templates (Class),2,0
LocPathIterator in org::apache::xpath::axes (Class),53,10
anonymous(PrivilegedAction) in org::apache::xalan::lib::SecuritySupport12.getLastModified() (Class),1,0
LocaleUtility in org::apache::xml::utils (Class),2,0
FollowingTraverser in org::apache::xml::dtm::ref::DTMDefaultBaseTraversers (Class),5,0
IncrementalSAXSource_Xerces in org::apache::xml::dtm::ref (Class),14,2
ContextMatchStepPattern in org::apache::xpath::patterns (Class),4,0
JAXPVariableStack in org::apache::xpath::jaxp (Class),2,0
NodeSorter in org::apache::xalan::transformer (Class),4,0
AllFromRootTraverser in org::apache::xml::dtm::ref::DTMDefaultBaseTraversers (Class),5,0
Gt in org::apache::xpath::operations (Class),3,0
FunctionPattern in org::apache::xpath::patterns (Class),8,0
CUP$XPathParser$actions in org::apache::xalan::xsltc::compiler (Class),3,0
LocalNameCall in org::apache::xalan::xsltc::compiler (Class),3,0
StopException in org::apache::xml::dtm::ref::IncrementalSAXSource_Filter (Class),2,0
MarkerInstruction in org::apache::xalan::xsltc::compiler::util (Class),6,0
MutableAttrListImpl in org::apache::xml::utils (Class),6,0
anonymous(PrivilegedAction) in org::apache::xalan::xsltc::trax::SecuritySupport12.getContextClassLoader() (Class),1,0
TransformHandler in <Default Package> (Class),5,0
anonymous(PrivilegedAction) in org::apache::xalan::lib::SecuritySupport12.getResourceAsStream() (Class),1,0
anonymous(PrivilegedExceptionAction) in org::apache::xalan::xsltc::runtime::SecuritySupport12.getFileInputStream() (Class),1,0
DefaultMultipleNodeCounter in org::apache::xalan::xsltc::dom::MultipleNodeCounter (Class),1,0
FunctionCall in org::apache::xalan::xsltc::compiler (Class),28,3
StringToIntTable in org::apache::xml::serializer::utils (Class),9,0
FuncUnparsedEntityURI in org::apache::xpath::functions (Class),2,0
XSLTSchema in org::apache::xalan::processor (Class),6,1
HashtableEnumerator in org::apache::xalan::xsltc::runtime::Hashtable (Class),3,0
XMLErrorResources_tr in org::apache::xml::res (Class),4,0
SecuritySupport in org::apache::xalan::xsltc::trax (Class),11,1
ErrorMessages_ca in org::apache::xalan::xsltc::runtime (Class),1,0
XSLTVisitable in org::apache::xalan::templates (Class),1,0
ElemUnknown in org::apache::xalan::templates (Class),5,0
SecuritySupport12 in org::apache::xalan::xsltc::cmdline (Class),9,0
anonymous(PrivilegedAction) in org::apache::xml::dtm::ref::SecuritySupport12.getLastModified() (Class),1,0
ExsltBase in org::apache::xalan::lib (Class),2,0
Util in org::apache::xalan::xsltc::compiler::util (Class),19,0
NodeTest in org::apache::xpath::patterns (Class),26,0
TransformStateSetter in org::apache::xml::serializer (Class),2,0
XSLTErrorResources_es in org::apache::xalan::res (Class),4,0
XSLTErrorResources_zh_CN in org::apache::xalan::res (Class),0,0
ElemVariable in org::apache::xalan::templates (Class),24,1
AttributeList in org::apache::xalan::xsltc::runtime (Class),18,0
XPathEvaluatorImpl in org::apache::xpath::domapi (Class),5,0
XSLTProcessorApplet in org::apache::xalan::client (Class),25,1
DOMEnhancedForDTM in org::apache::xalan::xsltc (Class),9,1
ErrorMessages_sk in org::apache::xalan::xsltc::compiler::util (Class),1,0
WhitespaceStrippingElementMatcher in org::apache::xpath (Class),2,0
TypedFollowingSiblingIterator in org::apache::xml::dtm::ref::DTMDefaultBaseIterators (Class),2,0
anonymous(PrivilegedAction) in org::apache::xalan::xslt::SecuritySupport12.getContextClassLoader() (Class),1,0
anonymous(PrivilegedAction) in org::apache::xml::utils::SecuritySupport12.getFileExists() (Class),1,0
DTMSafeStringPool in org::apache::xml::dtm::ref (Class),5,1
Compile in <Default Package> (Class),4,1
XSLTErrorResources_hu in org::apache::xalan::res (Class),4,0
anonymous(PrivilegedExceptionAction) in org::apache::xml::serializer::SecuritySupport12.getFileInputStream() (Class),1,0
Div in org::apache::xpath::operations (Class),4,0
anonymous(PrivilegedAction) in org::apache::xml::serializer::SecuritySupport12.getContextClassLoader() (Class),1,0
XMLErrorResources_ja in org::apache::xml::res (Class),4,0
XMLErrorResources_it in org::apache::xml::res (Class),4,0
FormatNumberCall in org::apache::xalan::xsltc::compiler (Class),4,0
TypedPrecedingSiblingIterator in org::apache::xml::dtm::ref::DTMDefaultBaseIterators (Class),2,0
SecuritySupport12 in org::apache::xpath::functions (Class),9,0
KeyRefIterator in org::apache::xalan::transformer (Class),4,0
ToXMLStream in org::apache::xml::serializer (Class),17,1
ProcessorExsltFunction in org::apache::xalan::processor (Class),7,1
PrecedingIterator in org::apache::xml::dtm::ref::sax2dtm::SAX2DTM2 (Class),9,0
ConfigurationError in org::apache::xalan::xslt::ObjectFactory (Class),3,0
ProcessorImport in org::apache::xalan::processor (Class),4,1
AttList in org::apache::xml::serializer::utils (Class),13,0
SerializerMessages_ca in org::apache::xml::serializer::utils (Class),1,0
ObjectFactory in org::apache::xalan::xsltc::compiler (Class),11,0
SerializerMessages_es in org::apache::xml::serializer::utils (Class),1,0
Redirect in org::apache::xalan::lib (Class),10,0
SerializerMessages_ru in org::apache::xml::serializer::utils (Class),1,0
ContainsCall in org::apache::xalan::xsltc::compiler (Class),6,0
RootTraverser in org::apache::xml::dtm::ref::DTMDefaultBaseTraversers (Class),4,0
DefaultConnectionPool in org::apache::xalan::lib::sql (Class),20,4
iterOwner in org::apache::xpath::axes::UnionPathIterator (Class),3,0
anonymous(PrivilegedExceptionAction) in org::apache::xpath::functions::SecuritySupport12.getFileInputStream() (Class),1,0
AttributeIterator in org::apache::xpath::axes (Class),4,0
WhitespaceRule in org::apache::xalan::xsltc::compiler::Whitespace (Class),7,4
StringComparable in org::apache::xml::utils (Class),9,0
SQLQueryParser in org::apache::xalan::lib::sql (Class),14,6
Gte in org::apache::xpath::operations (Class),3,0
TypeCheckError in org::apache::xalan::xsltc::compiler::util (Class),8,0
IntVector in org::apache::xml::utils (Class),21,0
FilterParentPath in org::apache::xalan::xsltc::compiler (Class),7,1
XPathParser in org::apache::xalan::xsltc::compiler (Class),30,0
VariableStack in org::apache::xpath (Class),24,0
WriterOutputBuffer in org::apache::xalan::xsltc::runtime::output (Class),6,0
ThreadControllerWrapper in org::apache::xml::utils (Class),3,0
ElemForEach in org::apache::xalan::templates (Class),20,1
TemplateList in org::apache::xalan::templates (Class),20,2
DOM3TreeWalker in org::apache::xml::serializer::dom3 (Class),31,0
NodeIterator in org::apache::xalan::xsltc (Class),11,3
XSLTC in org::apache::xalan::xsltc::compiler (Class),70,14
PredOwner in org::apache::xpath::axes::PredicatedNodeTest (Class),3,0
NameBase in org::apache::xalan::xsltc::compiler (Class),6,0
SerializerSwitcher in org::apache::xalan::transformer (Class),3,0
TraceListenerEx3 in org::apache::xalan::trace (Class),2,0
XResources_hy in org::apache::xml::utils::res (Class),1,0
OneStepIterator in org::apache::xpath::axes (Class),15,0
SecuritySupport12 in org::apache::xml::utils (Class),9,0
anonymous(PrivilegedAction) in org::apache::xml::serializer::dom3::LSSerializerImpl.<Initializer>() (Class),1,0
UseStylesheetPI in <Default Package> (Class),1,0
SecuritySupport in org::apache::xalan::extensions (Class),11,1
XMLErrorResources_ko in org::apache::xml::res (Class),4,0
DTMDOMException in org::apache::xml::dtm (Class),3,0
ProcessorTemplate in org::apache::xalan::processor (Class),3,0
Lt in org::apache::xpath::operations (Class),3,0
anonymous(PrivilegedAction) in org::apache::xalan::lib::SecuritySupport12.getFileExists() (Class),1,0
SAX2DOM in org::apache::xalan::xsltc::trax (Class),23,0
ExtensionNamespacesManager in org::apache::xalan::extensions (Class),10,0
XalanTransformState in org::apache::xalan::transformer (Class),11,1
XPathFactory in org::apache::xpath (Class),1,0
anonymous(PrivilegedAction) in org::apache::xml::serializer::OutputPropertiesFactory.loadPropertiesFile() (Class),1,0
ChildrenIterator in org::apache::xml::dtm::ref::DTMDefaultBaseIterators (Class),3,1
ElemWithParam in org::apache::xalan::templates (Class),12,1
anonymous(PrivilegedAction) in org::apache::xml::dtm::ref::SecuritySupport12.getContextClassLoader() (Class),1,0
Validate in <Default Package> (Class),5,1
ResultNameSpace in org::apache::xalan::transformer (Class),2,0
XResources_ja_JP_A in org::apache::xml::utils::res (Class),1,0
Utils in org::apache::xml::serializer::utils (Class),1,0
ElemExtensionCall in org::apache::xalan::templates (Class),10,0
XResources_it in org::apache::xml::utils::res (Class),1,0
XPATHErrorResources_fr in org::apache::xpath::res (Class),4,0
FilterExpr in org::apache::xalan::xsltc::compiler (Class),7,0
anonymous(PrivilegedAction) in org::apache::xalan::lib::SecuritySupport12.getSystemClassLoader() (Class),1,0
ResultTreeType in org::apache::xalan::xsltc::compiler::util (Class),22,1
DOMErrorImpl in org::apache::xml::serializer::dom3 (Class),12,0
Text in org::apache::xalan::xsltc::compiler (Class),15,5
FilterExprWalker in org::apache::xpath::axes (Class),17,0
ObjectType in org::apache::xalan::xsltc::compiler::util (Class),17,0
MethodType in org::apache::xalan::xsltc::compiler::util (Class),14,0
SerializerMessages_ja in org::apache::xml::serializer::utils (Class),1,0
ElemWhen in org::apache::xalan::templates (Class),8,1
FollowingSiblingTraverser in org::apache::xml::dtm::ref::DTMDefaultBaseTraversers (Class),3,0
anonymous(PrivilegedAction) in org::apache::xalan::xslt::SecuritySupport12.getResourceAsStream() (Class),1,0
SingletonIterator in org::apache::xml::dtm::ref::DTMDefaultBaseIterators (Class),6,0
SecuritySupport in org::apache::xalan::xsltc::compiler (Class),11,1
ProcessorGlobalParamDecl in org::apache::xalan::processor (Class),4,0
Stylesheet in org::apache::xalan::templates (Class),76,14
ToHTMLSAXHandler in org::apache::xml::serializer (Class),43,0
XNodeSet in org::apache::xpath::objects (Class),33,0
anonymous(PrivilegedAction) in org::apache::xml::dtm::ref::SecuritySupport12.getParentClassLoader() (Class),1,0
IdKeyPattern in org::apache::xalan::xsltc::compiler (Class),10,0
MyPrefixResolver in org::apache::xalan::templates::ElemNumber (Class),5,0
anonymous(PrivilegedAction) in org::apache::xalan::xslt::SecuritySupport12.getSystemProperty() (Class),1,0
ProcessorExsltFuncResult in org::apache::xalan::processor (Class),3,1
XMLErrorResources_cs in org::apache::xml::res (Class),4,0
AbsoluteIterator in org::apache::xalan::xsltc::dom (Class),8,0
SecuritySupport in org::apache::xalan::xsltc::compiler::util (Class),11,1
SerializerUtils in org::apache::xalan::serialize (Class),6,0
ToTextSAXHandler in org::apache::xml::serializer (Class),41,0
anonymous(PrivilegedAction) in org::apache::xalan::xsltc::runtime::SecuritySupport12.getLastModified() (Class),1,0
XMLReaderManager in org::apache::xml::utils (Class),5,0
Whitespace in org::apache::xalan::xsltc::compiler (Class),14,1
StringToStringTable in org::apache::xml::utils (Class),12,0
TransformDelegate in <Default Package>::TransformApplet (Class),11,6
LessThanOrEqualComparator in org::apache::xpath::objects (Class),3,0
anonymous(PrivilegedExceptionAction) in org::apache::xalan::lib::SecuritySupport12.getFileInputStream() (Class),1,0
ErrorMessages_cs in org::apache::xalan::xsltc::runtime (Class),1,0
Arg1Owner in org::apache::xpath::functions::Function2Args (Class),3,0
FuncFalse in org::apache::xpath::functions (Class),3,0
NodeCounterGenerator in org::apache::xalan::xsltc::compiler::util (Class),7,0
CurrentNodeListFilter in org::apache::xalan::xsltc::dom (Class),1,0
FuncCurrent in org::apache::xpath::functions (Class),3,0
XSLTCDTMManager in org::apache::xalan::xsltc::dom (Class),9,1
CeilingCall in org::apache::xalan::xsltc::compiler (Class),2,0
NodeInfo in org::apache::xalan::lib (Class),8,0
TransformHome in <Default Package> (Class),2,0
anonymous(PrivilegedAction) in org::apache::xml::utils::SecuritySupport12.getResourceAsStream() (Class),1,0
SystemIDResolver in org::apache::xml::utils (Class),8,0
CallTemplate in org::apache::xalan::xsltc::compiler (Class),8,1
ErrorMessages in org::apache::xalan::xsltc::compiler::util (Class),1,0
SecuritySupport in org::apache::xalan::lib::sql (Class),11,1
LiteralElementAttributes in org::apache::xalan::templates::ElemLiteralResult (Class),10,2
NodeVector in org::apache::xml::utils (Class),31,0
anonymous(PrivilegedAction) in org::apache::xml::serializer::SecuritySupport12.getResourceAsStream() (Class),1,0
anonymous(PrivilegedAction) in org::apache::xml::dtm::SecuritySupport12.getSystemProperty() (Class),1,0
XSLTErrorResources_de in org::apache::xalan::res (Class),4,0
NodeSortRecordGenerator in org::apache::xalan::xsltc::compiler::util (Class),7,0
TestSeq in org::apache::xalan::xsltc::compiler (Class),14,3
ErrorMessages_es in org::apache::xalan::xsltc::runtime (Class),1,0
LocationPathPattern in org::apache::xalan::xsltc::compiler (Class),14,6
CountersTable in org::apache::xalan::transformer (Class),6,1
anonymous(PrivilegedExceptionAction) in org::apache::xml::dtm::SecuritySupport12.getFileInputStream() (Class),1,0
StopParseException in org::apache::xml::utils (Class),2,0
MethodGenerator in org::apache::xalan::xsltc::compiler::util (Class),74,3
XSLTErrorResources_sv in org::apache::xalan::res (Class),2,0
anonymous(PrivilegedAction) in org::apache::xalan::lib::sql::SecuritySupport12.getParentClassLoader() (Class),1,0
ArgExtOwner in org::apache::xpath::functions::FuncExtFunction (Class),3,0
XMLStringDefault in org::apache::xml::utils (Class),39,0
TraceListener in org::apache::xalan::trace (Class),3,0
ChildrenIterator in org::apache::xml::dtm::ref::sax2dtm::SAX2DTM2 (Class),3,0
XSLTErrorResources_pl in org::apache::xalan::res (Class),4,0
SecuritySupport in org::apache::xml::dtm::ref (Class),11,1
SourceLoader in org::apache::xalan::xsltc::compiler (Class),1,0
ProcessorAttributeSet in org::apache::xalan::processor (Class),4,0
TypedFollowingSiblingIterator in org::apache::xml::dtm::ref::sax2dtm::SAX2DTM2 (Class),2,0
ErrorMessages_tr in org::apache::xalan::xsltc::compiler::util (Class),1,0
AbsolutePathPattern in org::apache::xalan::xsltc::compiler (Class),8,0
IdPattern in org::apache::xalan::xsltc::compiler (Class),1,0
ConfigurationError in org::apache::xalan::lib::ObjectFactory (Class),3,0
XPATHErrorResources_pl in org::apache::xpath::res (Class),4,0
ObjectFactory in org::apache::xml::dtm::ref (Class),11,0
DummyPrefixResolver in org::apache::xpath::domapi::XPathEvaluatorImpl (Class),5,0
RoundCall in org::apache::xalan::xsltc::compiler (Class),2,0
anonymous(PrivilegedAction) in org::apache::xalan::xsltc::runtime::SecuritySupport12.getSystemProperty() (Class),1,0
LongArrayWrapper in org::apache::xml::utils::res (Class),3,0
XMLErrorResources_hu in org::apache::xml::res (Class),4,0
TypedAncestorIterator in org::apache::xml::dtm::ref::sax2dtm::SAX2DTM2 (Class),4,0
ConversionInfo in org::apache::xalan::extensions::MethodResolver (Class),1,0
FuncExtFunction in org::apache::xpath::functions (Class),15,0
XMLCharacterRecognizer in org::apache::xml::utils (Class),4,0
SerializerBase in org::apache::xml::serializer (Class),89,13
ErrorMessages_ko in org::apache::xalan::xsltc::runtime (Class),1,0
Otherwise in org::apache::xalan::xsltc::compiler (Class),3,0
XPATHErrorResources_ru in org::apache::xpath::res (Class),4,0
anonymous(PrivilegedAction) in org::apache::xalan::xsltc::trax::SecuritySupport12.getFileExists() (Class),1,0
RtMethodGenerator in org::apache::xalan::xsltc::compiler::util (Class),6,0
ProcessorKey in org::apache::xalan::processor (Class),4,0
LiteralExpr in org::apache::xalan::xsltc::compiler (Class),8,2
XResources_en in org::apache::xml::utils::res (Class),1,0
NamespaceTraverser in org::apache::xml::dtm::ref::DTMDefaultBaseTraversers (Class),3,0
XSLMessages in org::apache::xalan::res (Class),5,0
anonymous(PrivilegedAction) in org::apache::xalan::xsltc::compiler::util::SecuritySupport12.getParentClassLoader() (Class),1,0
SecuritySupport12 in org::apache::xml::dtm::ref (Class),9,0
UnionIterator in org::apache::xalan::xsltc::dom (Class),2,0
OneStepIteratorForward in org::apache::xpath::axes (Class),7,0
ElemNumber in org::apache::xalan::templates (Class),41,1
TypedAttributeIterator in org::apache::xml::dtm::ref::sax2dtm::SAX2DTM2 (Class),3,0
Serializer in org::apache::xml::serializer (Class),10,1
HeapNode in org::apache::xalan::xsltc::dom::MultiValuedNodeHeapIterator (Class),9,5
XPATHErrorResources_sl in org::apache::xpath::res (Class),4,0
NodeIteratorBase in org::apache::xalan::xsltc::dom (Class),11,1
FuncStartsWith in org::apache::xpath::functions (Class),2,0
ObjectFactory in org::apache::xalan::xsltc::runtime (Class),11,1
FloorCall in org::apache::xalan::xsltc::compiler (Class),2,0
Mode in org::apache::xalan::xsltc::compiler (Class),31,1
TransformerFactoryImpl in org::apache::xalan::processor (Class),24,2
StringValueHandler in org::apache::xalan::xsltc::runtime (Class),9,2
TransletOutput in org::apache::xalan::xsltc::compiler (Class),4,0
ChildIterator in org::apache::xpath::axes (Class),5,0
SecuritySupport12 in org::apache::xalan::lib::sql (Class),9,0
XSLTErrorResources_it in org::apache::xalan::res (Class),4,0
anonymous(PrivilegedExceptionAction) in org::apache::xalan::xsltc::cmdline::SecuritySupport12.getFileInputStream() (Class),1,0
SecuritySupport in org::apache::xalan::xsltc::dom (Class),11,1
XSLTErrorResources_en in org::apache::xalan::res (Class),0,0
anonymous(PrivilegedAction) in org::apache::xalan::xsltc::cmdline::SecuritySupport12.getParentClassLoader() (Class),1,0
XResources_ja_JP_I in org::apache::xml::utils::res (Class),1,0
ToXMLSAXHandler in org::apache::xml::serializer (Class),45,0
MatchGenerator in org::apache::xalan::xsltc::compiler::util (Class),13,0
DocumentCache in org::apache::xalan::xsltc::dom (Class),9,0
SerializerMessages_tr in org::apache::xml::serializer::utils (Class),1,0
OutputBuffer in org::apache::xalan::xsltc::runtime::output (Class),4,0
DOMCache in org::apache::xalan::xsltc (Class),1,0
ErrorMessages_tr in org::apache::xalan::xsltc::runtime (Class),1,0
FunctionTable in org::apache::xpath::compiler (Class),7,0
XSLOutputAttributes in org::apache::xml::serializer (Class),23,8
FuncRound in org::apache::xpath::functions (Class),2,0
Mod in org::apache::xpath::operations (Class),4,0
XSLTAttributeDef in org::apache::xalan::processor (Class),43,4
MultiHashtable in org::apache::xalan::xsltc::compiler::util (Class),4,0
DOM2Helper in org::apache::xml::utils (Class),11,0
XPATHErrorResources_tr in org::apache::xpath::res (Class),4,0
FunctionOneArg in org::apache::xpath::functions (Class),11,0
XML11Char in org::apache::xml::serializer::utils (Class),15,0
DTMNamedNodeMap in org::apache::xml::dtm::ref (Class),10,0
URI in org::apache::xml::serializer::utils (Class),42,9
anonymous(PrivilegedAction) in org::apache::xalan::xsltc::cmdline::SecuritySupport12.getResourceAsStream() (Class),1,0
SecuritySupport in org::apache::xml::serializer (Class),11,1
anonymous(PrivilegedAction) in org::apache::xml::utils::SecuritySupport12.getParentClassLoader() (Class),1,0
ForEach in org::apache::xalan::xsltc::compiler (Class),5,0
XResources_de in org::apache::xml::utils::res (Class),1,0
PrecedingSiblingIterator in org::apache::xml::dtm::ref::sax2dtm::SAX2DTM2 (Class),4,0
String in org::apache::xpath::operations (Class),3,0
EncodingInfo in org::apache::xml::serializer (Class),7,1
TransletOutputHandlerFactory in org::apache::xalan::xsltc::runtime::output (Class),15,1
ExpressionNode in org::apache::xpath (Class),5,0
NodeSetDTM in org::apache::xpath (Class),57,4
ExsltSets in org::apache::xalan::lib (Class),6,0
SelfTraverser in org::apache::xml::dtm::ref::DTMDefaultBaseTraversers (Class),5,0
AbsoluteLocationPath in org::apache::xalan::xsltc::compiler (Class),7,2
SuballocatedIntVector in org::apache::xml::utils (Class),21,0
XString in org::apache::xpath::objects (Class),50,3
ConfigurationError in org::apache::xml::serializer::ObjectFactory (Class),3,0
TreeWalker2Result in org::apache::xalan::transformer (Class),4,0
TypedRootIterator in org::apache::xml::dtm::ref::DTMDefaultBaseIterators (Class),2,0
IntegerArray in org::apache::xalan::xsltc::util (Class),25,0
anonymous(PrivilegedAction) in org::apache::xalan::xsltc::compiler::util::SecuritySupport12.getFileExists() (Class),1,0
GreaterThanComparator in org::apache::xpath::objects (Class),3,0
VariableRef in org::apache::xalan::xsltc::compiler (Class),2,0
FoundIndex in org::apache::xpath (Class),2,0
XPathProcessorException in org::apache::xpath (Class),3,0
ToStream in org::apache::xml::serializer (Class),84,2
TransformApplet in <Default Package> (Class),6,0
ConfigurationError in org::apache::xalan::xsltc::dom::ObjectFactory (Class),3,0
ProcessorCharacters in org::apache::xalan::processor (Class),6,1
DocumentHolder in org::apache::xalan::lib::ExsltStrings (Class),1,0
XMLFileFilter in <Default Package>::Validate (Class),2,0
Neg in org::apache::xpath::operations (Class),4,0
SortingIterator in org::apache::xalan::xsltc::dom (Class),12,0
PooledConnection in org::apache::xalan::lib::sql (Class),6,3
ExtendedContentHandler in org::apache::xml::serializer (Class),20,0
PIParamWrapper in org::apache::xalan::xsltc::trax::TransformerFactoryImpl (Class),2,0
SerializerMessages_pt_BR in org::apache::xml::serializer::utils (Class),1,0
FuncTrue in org::apache::xpath::functions (Class),3,0
anonymous(PrivilegedAction) in org::apache::xalan::xsltc::compiler::util::SecuritySupport12.getSystemClassLoader() (Class),1,0
GetOptsException in org::apache::xalan::xsltc::cmdline::getopt (Class),2,0
XPathExpressionContext in org::apache::xpath::XPathContext (Class),9,1
UnresolvedRef in org::apache::xalan::xsltc::compiler (Class),8,0
TypedPrecedingIterator in org::apache::xml::dtm::ref::DTMDefaultBaseIterators (Class),2,0
ToUnknownStream in org::apache::xml::serializer (Class),85,0
FuncCount in org::apache::xpath::functions (Class),2,0
ExsltDatetime in org::apache::xalan::lib (Class),45,1
TransformerIdentityImpl in org::apache::xalan::transformer (Class),46,4
TransformBean in <Default Package> (Class),10,0
Message in org::apache::xalan::xsltc::compiler (Class),4,0
anonymous(PrivilegedAction) in org::apache::xalan::xsltc::trax::SecuritySupport12.getSystemClassLoader() (Class),1,0
anonymous(PrivilegedAction) in org::apache::xalan::xsltc::dom::SecuritySupport12.getSystemClassLoader() (Class),1,0
ExtendedLexicalHandler in org::apache::xml::serializer (Class),1,0
AVT in org::apache::xalan::templates (Class),16,0
ReverseAxesWalker in org::apache::xpath::axes (Class),10,0
URI in org::apache::xml::utils (Class),42,9
RelationalExpr in org::apache::xalan::xsltc::compiler (Class),11,3
ExtensionsTable in org::apache::xalan::extensions (Class),8,0
NameSpace in org::apache::xml::utils (Class),2,0
anonymous(PrivilegedAction) in org::apache::xalan::extensions::SecuritySupport12.getResourceAsStream() (Class),1,0
DTMIterator in org::apache::xml::dtm (Class),26,8
XMLErrorResources_ca in org::apache::xml::res (Class),4,0
DTMDefaultBaseIterators in org::apache::xml::dtm::ref (Class),4,0
anonymous(PrivilegedAction) in org::apache::xalan::xsltc::compiler::SecuritySupport12.getSystemClassLoader() (Class),1,0
FastStringBuffer in org::apache::xml::utils (Class),29,0
BooleanCall in org::apache::xalan::xsltc::compiler (Class),4,0
DTMConfigurationException in org::apache::xml::dtm (Class),7,0
ObjectStack in org::apache::xml::utils (Class),12,0
Parameter in org::apache::xalan::xsltc::runtime (Class),2,0
ObjectFactory in org::apache::xalan::xsltc::cmdline (Class),11,0
ConfigurationError in org::apache::xalan::lib::sql::ObjectFactory (Class),3,0
anonymous(PrivilegedAction) in org::apache::xalan::xsltc::compiler::SecuritySupport12.getFileExists() (Class),1,0
TransformerImpl in org::apache::xalan::transformer (Class),138,19
JavaType in org::apache::xalan::xsltc::compiler::FunctionCall (Class),2,0
NameCall in org::apache::xalan::xsltc::compiler (Class),3,0
ExampleContentHandler in <Default Package> (Class),12,1
PredOwner in org::apache::xpath::patterns::StepPattern (Class),3,0
FuncFormatNumb in org::apache::xalan::templates (Class),5,0
XBoolean in org::apache::xpath::objects (Class),10,0
Operation in org::apache::xpath::operations (Class),12,0
SlotAllocator in org::apache::xalan::xsltc::compiler::util (Class),7,0
And in org::apache::xpath::operations (Class),4,0
FollowingIterator in org::apache::xml::dtm::ref::sax2dtm::SAX2DTM2 (Class),3,0
XPathStylesheetDOM3Exception in org::apache::xpath::domapi (Class),1,0
StepPattern in org::apache::xalan::xsltc::compiler (Class),21,1
anonymous(PrivilegedAction) in org::apache::xalan::extensions::SecuritySupport12.getFileExists() (Class),1,0
SecuritySupport in org::apache::xalan::xsltc::runtime (Class),11,1
MsgMgr in org::apache::xalan::transformer (Class),12,0
TransformerFactoryImpl in org::apache::xalan::xsltc::trax (Class),33,2
SecuritySupport12 in org::apache::xalan::lib (Class),9,0
ParameterRef in org::apache::xalan::xsltc::compiler (Class),4,0
XMLErrorResources_en in org::apache::xml::res (Class),0,0
SerializerMessages_zh_TW in org::apache::xml::serializer::utils (Class),1,0
DOMSerializer in org::apache::xml::serializer (Class),1,0
UnsupportedElement in org::apache::xalan::xsltc::compiler (Class),8,0
PrintTraceListener in org::apache::xalan::trace (Class),10,0
SerializerMessages_sk in org::apache::xml::serializer::utils (Class),1,0
XResources_sv in org::apache::xml::utils::res (Class),1,0
MatchPatternIterator in org::apache::xpath::axes (Class),7,1
MessageHandler in org::apache::xalan::xsltc::trax::TransformerImpl (Class),2,0
ProcessorPreserveSpace in org::apache::xalan::processor (Class),3,0
DTMAxisIterNodeList in org::apache::xml::dtm::ref (Class),6,0
FilteredStepIterator in org::apache::xalan::xsltc::dom (Class),2,0
NodeTestFilter in org::apache::xpath::patterns (Class),1,0
anonymous(PrivilegedAction) in org::apache::xalan::extensions::SecuritySupport12.getParentClassLoader() (Class),1,0
WhitespaceInfoPaths in org::apache::xalan::processor (Class),5,1
IncrementalSAXSource_Filter in org::apache::xml::dtm::ref (Class),43,1
anonymous(PrivilegedAction) in org::apache::xml::dtm::ref::SecuritySupport12.getSystemClassLoader() (Class),1,0
QueryParameter in org::apache::xalan::lib::sql (Class),14,6
ConnectionPool in org::apache::xalan::lib::sql (Class),14,3
XSLTErrorResources_fr in org::apache::xalan::res (Class),4,0
FuncExtFunctionAvailable in org::apache::xpath::functions (Class),3,0
SecuritySupport12 in org::apache::xalan::xslt (Class),9,0
anonymous(PrivilegedAction) in org::apache::xalan::xsltc::compiler::SecuritySupport12.getContextClassLoader() (Class),1,0
XSLTErrorResources_cs in org::apache::xalan::res (Class),4,0
ComposeState in org::apache::xalan::templates::StylesheetRoot (Class),12,1
AVTPartXPath in org::apache::xalan::templates (Class),8,0
ProcessorStylesheetElement in org::apache::xalan::processor (Class),5,1
anonymous(PrivilegedAction) in org::apache::xalan::xsltc::compiler::util::SecuritySupport12.getResourceAsStream() (Class),1,0
anonymous(PrivilegedAction) in org::apache::xml::utils::SecuritySupport12.getSystemProperty() (Class),1,0
ListingErrorHandler in org::apache::xml::utils (Class),18,3
UseAttributeSets in org::apache::xalan::xsltc::compiler (Class),5,0
Variable in org::apache::xalan::xsltc::compiler (Class),5,0
ErrorMessages_no in org::apache::xalan::xsltc::compiler::util (Class),1,0
LocalVariableRegistry in org::apache::xalan::xsltc::compiler::util::MethodGenerator (Class),13,1
IntArrayWrapper in org::apache::xml::utils::res (Class),3,0
XStringForFSB in org::apache::xpath::objects (Class),32,1
RawCharacterHandler in org::apache::xml::utils (Class),1,0
ProcessingInstruction in org::apache::xalan::xsltc::compiler (Class),4,0
Attribute in org::apache::xalan::xsltc::compiler (Class),2,0
HashEntry in org::apache::xml::dtm::ref::ExpandedNameTable (Class),1,0
Handler in <Default Package>::ValidateXMLInput (Class),3,0
FuncSystemProperty in org::apache::xpath::functions (Class),3,0
OutputSettings in org::apache::xalan::xsltc::trax (Class),2,0
ElemFallback in org::apache::xalan::templates (Class),5,0
CachedXPathAPI in org::apache::xpath (Class),12,0
TraceListenerEx in org::apache::xalan::trace (Class),1,0
Version in org::apache::xml::serializer (Class),8,7
NumeratorFormatter in org::apache::xalan::transformer (Class),4,0
MyVariableResolver in <Default Package>::XPathResolver (Class),2,1
TransletClassLoader in org::apache::xalan::xsltc::trax::TemplatesImpl (Class),2,0
anonymous(PrivilegedExceptionAction) in org::apache::xalan::xsltc::compiler::util::SecuritySupport12.getFileInputStream() (Class),1,0
KeyTable in org::apache::xalan::transformer (Class),9,3
KeyIndexHeapNode in org::apache::xalan::xsltc::dom::KeyIndex::KeyIndexIterator (Class),9,0
MalformedURIException in org::apache::xml::serializer::utils::URI (Class),2,0
DTMNodeListBase in org::apache::xml::dtm::ref (Class),3,0
anonymous(PrivilegedAction) in org::apache::xml::dtm::SecuritySupport12.getFileExists() (Class),1,0
IllegalArgumentException in org::apache::xalan::xsltc::cmdline::getopt (Class),2,0
DTMAxisIteratorBase in org::apache::xml::dtm::ref (Class),14,4
PositionCall in org::apache::xalan::xsltc::compiler (Class),3,0
Pipe in <Default Package> (Class),1,0
Chunk in org::apache::xalan::xsltc::compiler::util::MethodGenerator (Class),9,0
anonymous(PrivilegedAction) in org::apache::xalan::xsltc::trax::SecuritySupport12.getParentClassLoader() (Class),1,0
ConnectionPoolManager in org::apache::xalan::lib::sql (Class),6,0
AbstractTranslet in org::apache::xalan::xsltc::runtime (Class),45,0
ConfigurationError in org::apache::xalan::extensions::ObjectFactory (Class),3,0
ErrorMessages_pl in org::apache::xalan::xsltc::runtime (Class),1,0
TopLevelElement in org::apache::xalan::xsltc::compiler (Class),7,1
XResources_zh_CN in org::apache::xml::utils::res (Class),1,0
AppletErrorListener in <Default Package>::TransformApplet (Class),5,0
AxisIterator in org::apache::xalan::xsltc::dom::MultiDOM (Class),12,0
ExtensionHandlerJavaClass in org::apache::xalan::extensions (Class),7,0
anonymous(PrivilegedExceptionAction) in org::apache::xalan::xslt::SecuritySupport12.getFileInputStream() (Class),1,0
TransformerImpl in org::apache::xalan::xsltc::trax (Class),40,5
Or in org::apache::xpath::operations (Class),4,0
VariableBase in org::apache::xalan::xsltc::compiler (Class),17,8
XslAttribute in org::apache::xalan::xsltc::compiler (Class),6,1
ErrorMessages_ca in org::apache::xalan::xsltc::compiler::util (Class),1,0
XPATHErrorResources_pt_BR in org::apache::xpath::res (Class),4,0
ObjectArray in org::apache::xalan::lib::sql (Class),8,1
Node in org::apache::xml::serializer::ToHTMLStream::Trie (Class),1,0
NamespaceWildcardIterator in org::apache::xalan::xsltc::dom::SAXImpl (Class),7,0
DecimalToRoman in org::apache::xalan::transformer (Class),1,0
ProcessorLRE in org::apache::xalan::processor (Class),6,1
Function3Args in org::apache::xpath::functions (Class),9,1
IteratorPool in org::apache::xpath::axes (Class),5,2
AttList in org::apache::xml::utils (Class),13,0
Expression in org::apache::xpath (Class),31,3
FollowingIterator in org::apache::xml::dtm::ref::DTMDefaultBaseIterators (Class),3,1
NotEquals in org::apache::xpath::operations (Class),3,0
ErrorMessages_pt_BR in org::apache::xalan::xsltc::compiler::util (Class),1,0
TransformSnapshot in org::apache::xalan::transformer (Class),0,0
SAX2DTM2 in org::apache::xml::dtm::ref::sax2dtm (Class),38,0
BooleanType in org::apache::xalan::xsltc::compiler::util (Class),20,1
SystemIDResolver in org::apache::xml::serializer::utils (Class),8,0
XMLErrorResources_pt_BR in org::apache::xml::res (Class),4,0
XPathNamespaceImpl in org::apache::xpath::domapi (Class),39,0
ErrorMessages_ko in org::apache::xalan::xsltc::compiler::util (Class),1,0
LiteralAttribute in org::apache::xalan::xsltc::compiler (Class),8,1
SuballocatedByteVector in org::apache::xml::utils (Class),19,0
XMLErrorResources in org::apache::xml::res (Class),4,0
XMLErrorResources_zh_TW in org::apache::xml::res (Class),4,0
UseStylesheetParamServlet in servlet (Class),2,0
Transform in org::apache::xalan::xsltc::cmdline (Class),9,1
AVTPartSimple in org::apache::xalan::templates (Class),6,0
FuncNot in org::apache::xpath::functions (Class),2,0
CastCall in org::apache::xalan::xsltc::compiler (Class),3,0
ThrowableMethods in org::apache::xml::serializer::dom3::LSSerializerImpl (Class),2,0
Constants in org::apache::xalan::xsltc::compiler (Class),7,2
UnaryOpExpr in org::apache::xalan::xsltc::compiler (Class),7,0
ClonedNodeListIterator in org::apache::xalan::xsltc::dom (Class),11,0
CompareGenerator in org::apache::xalan::xsltc::compiler::util (Class),14,0
DefaultAnyNodeCounter in org::apache::xalan::xsltc::dom::AnyNodeCounter (Class),2,0
Quo in org::apache::xpath::operations (Class),2,0
BooleanExpr in org::apache::xalan::xsltc::compiler (Class),7,0
XPathFunctionResolverImpl in org::apache::xalan::extensions (Class),3,0
TransformerHandlerImpl in org::apache::xalan::xsltc::trax (Class),30,0
ElemAttributeSet in org::apache::xalan::templates (Class),9,1
StylesheetPIHandler in org::apache::xml::utils (Class),9,0
MatchingIterator in org::apache::xalan::xsltc::dom (Class),10,0
LSSerializerImpl in org::apache::xml::serializer::dom3 (Class),22,1
anonymous(PrivilegedAction) in org::apache::xalan::xsltc::dom::SecuritySupport12.getFileExists() (Class),1,0
ElemEmpty in org::apache::xalan::templates (Class),2,0
anonymous(PrivilegedAction) in org::apache::xalan::lib::SecuritySupport12.getParentClassLoader() (Class),1,0
ObjectFactory in org::apache::xalan::lib (Class),11,0
SerializerMessages_zh in org::apache::xml::serializer::utils (Class),1,0
ChildTestIterator in org::apache::xpath::axes (Class),8,0
SecuritySupport in org::apache::xalan::lib (Class),11,1
ApplyXSLTListener in servlet (Class),6,2
JAXPTransletMultipleTransformations in <Default Package> (Class),2,0
Function2Args in org::apache::xpath::functions (Class),9,1
Process in org::apache::xalan::xslt (Class),6,0
VariableSafeAbsRef in org::apache::xpath::operations (Class),3,0
NodeSortRecordFactGenerator in org::apache::xalan::xsltc::compiler::util (Class),5,0
FuncLang in org::apache::xpath::functions (Class),2,0
VoidType in org::apache::xalan::xsltc::compiler::util (Class),9,1
ValueOf in org::apache::xalan::xsltc::compiler (Class),5,0
anonymous(PrivilegedAction) in org::apache::xpath::functions::SecuritySupport12.getLastModified() (Class),1,0
ForwardPositionIterator in org::apache::xalan::xsltc::dom (Class),7,0
Context2 in org::apache::xml::utils (Class),12,0
anonymous(PrivilegedAction) in org::apache::xalan::xsltc::dom::SecuritySupport12.getResourceAsStream() (Class),1,0
GenerateIdCall in org::apache::xalan::xsltc::compiler (Class),2,0
CharKey in org::apache::xml::serializer::CharInfo (Class),5,1
Instruction in org::apache::xalan::xsltc::compiler (Class),2,0
SerializableLocatorImpl in org::apache::xml::utils (Class),11,0
ApplyImports in org::apache::xalan::xsltc::compiler (Class),6,0
If in org::apache::xalan::xsltc::compiler (Class),5,0
NodeSortRecordFactory in org::apache::xalan::xsltc::dom (Class),6,0
sym in org::apache::xalan::xsltc::compiler (Class),1,0
CharacterNodeHandler in org::apache::xalan::lib::sql::DTMDocument (Class),1,0
MyCounter in <Default Package> (Class),4,0
XPathLexer in org::apache::xalan::xsltc::compiler (Class),25,1
Arg2Owner in org::apache::xpath::functions::Function3Args (Class),3,0
SortSettings in org::apache::xalan::xsltc::dom (Class),7,0
ClassGenerator in org::apache::xalan::xsltc::compiler::util (Class),20,0
XSLProcessorVersion in org::apache::xalan::processor (Class),2,0
SerializerWrapper in org::apache::xalan::serialize::SerializerFactory (Class),10,0
XPATHErrorResources_zh in org::apache::xpath::res (Class),4,0
ApplyXPath in <Default Package> (Class),5,1
filterExprOwner in org::apache::xpath::axes::FilterExprIterator (Class),3,0
XPATHErrorResources_hu in org::apache::xpath::res (Class),4,0
ElemCallTemplate in org::apache::xalan::templates (Class),13,1
UnparsedEntityUriCall in org::apache::xalan::xsltc::compiler (Class),3,0
DOMBuilder in org::apache::xalan::xsltc::dom (Class),0,0
anonymous(PrivilegedAction) in org::apache::xml::dtm::SecuritySupport12.getContextClassLoader() (Class),1,0
ExtensionNamespaceContext in org::apache::xalan::extensions (Class),5,0
Variable in org::apache::xpath::operations (Class),17,1
XResources_es in org::apache::xml::utils::res (Class),1,0
FuncContains in org::apache::xpath::functions (Class),2,0
anonymous(PrivilegedAction) in org::apache::xalan::xsltc::cmdline::SecuritySupport12.getFileExists() (Class),1,0
ObjectFactory in org::apache::xalan::xslt (Class),11,0
anonymous(PrivilegedAction) in org::apache::xalan::extensions::SecuritySupport12.getSystemClassLoader() (Class),1,0
XPATHErrorResources_zh_TW in org::apache::xpath::res (Class),4,0
anonymous(PrivilegedAction) in org::apache::xalan::xsltc::trax::SecuritySupport12.getSystemProperty() (Class),1,0
NamespaceChildrenIterator in org::apache::xalan::xsltc::dom::SAXImpl (Class),3,0
StylesheetHandler in org::apache::xalan::processor (Class),77,7
anonymous(PrivilegedAction) in org::apache::xpath::functions::SecuritySupport12.getFileExists() (Class),1,0
_ObjectArray in org::apache::xalan::lib::sql::ObjectArray (Class),1,0
XSLTErrorResources_sk in org::apache::xalan::res (Class),4,0
ElemApplyTemplates in org::apache::xalan::templates (Class),10,1
KeyCall in org::apache::xalan::xsltc::compiler (Class),5,1
ConfigurationError in org::apache::xalan::xsltc::compiler::util::ObjectFactory (Class),3,0
DTMAxisTraverser in org::apache::xml::dtm (Class),4,0
IntExpr in org::apache::xalan::xsltc::compiler (Class),4,0
FuncNormalizeSpace in org::apache::xpath::functions (Class),3,0
Arg in org::apache::xpath (Class),15,0
XMLErrorResources_sl in org::apache::xml::res (Class),4,0
ErrorMessages_cs in org::apache::xalan::xsltc::compiler::util (Class),1,0
XObject in org::apache::xpath::objects (Class),44,0
PrecedingSiblingTraverser in org::apache::xml::dtm::ref::DTMDefaultBaseTraversers (Class),3,0
Compile in org::apache::xalan::xsltc::cmdline (Class),3,1
SecuritySupport in org::apache::xalan::xslt (Class),11,1
NamespaceAttributeIterator in org::apache::xalan::xsltc::dom::SAXImpl (Class),3,0
anonymous(PrivilegedAction) in org::apache::xml::dtm::SecuritySupport12.getLastModified() (Class),1,0
XMLErrorResources_fr in org::apache::xml::res (Class),4,0
NodeSortRecord in org::apache::xalan::xsltc::dom (Class),11,1
anonymous(PrivilegedAction) in org::apache::xalan::lib::SecuritySupport12.getSystemProperty() (Class),1,0
XSLTServletWithParams in servlet (Class),5,0
Serializer in org::apache::xalan::serialize (Class),9,0
KeyPattern in org::apache::xalan::xsltc::compiler (Class),1,0
ExtensionEvent in org::apache::xalan::trace (Class),4,0
anonymous(PrivilegedExceptionAction) in org::apache::xalan::xsltc::trax::SecuritySupport12.getFileInputStream() (Class),1,0
UnionPattern in org::apache::xpath::patterns (Class),9,0
MsgKey in org::apache::xml::serializer::utils (Class),1,0
CompilerException in org::apache::xalan::xsltc::compiler (Class),5,0
NodeType in org::apache::xalan::xsltc::compiler::util (Class),22,0
anonymous(PrivilegedAction) in org::apache::xalan::extensions::SecuritySupport12.getContextClassLoader() (Class),1,0
anonymous(PrivilegedAction) in org::apache::xalan::lib::SecuritySupport12.getContextClassLoader() (Class),1,0
anonymous(PrivilegedAction) in org::apache::xalan::xsltc::trax::TemplatesImpl.defineTransletClasses() (Class),1,0
SecuritySupport in org::apache::xpath::functions (Class),11,1
AncestorTraverser in org::apache::xml::dtm::ref::DTMDefaultBaseTraversers (Class),3,0
UnionPathPartOwner in org::apache::xpath::patterns::UnionPattern (Class),3,0
ExtensionsProvider in org::apache::xpath (Class),4,0
NamespaceAttributeIterator in org::apache::xml::dtm::ref::DTMDefaultBaseIterators (Class),3,0
NamedMethodGenerator in org::apache::xalan::xsltc::compiler::util (Class),8,0
ExpandedNameTable in org::apache::xml::dtm::ref (Class),14,1
WritertoStringBuffer in org::apache::xml::serializer::ToStream (Class),6,0
RealType in org::apache::xalan::xsltc::compiler::util (Class),27,1
ErrorMessages_de in org::apache::xalan::xsltc::compiler::util (Class),1,0
NumberType in org::apache::xalan::xsltc::compiler::util (Class),2,0
ExtensionHandlerJava in org::apache::xalan::extensions (Class),4,0
NodeCompareElem in org::apache::xalan::transformer::NodeSorter (Class),2,0
UnionPathExpr in org::apache::xalan::xsltc::compiler (Class),7,0
LookAheadIterator in org::apache::xalan::xsltc::dom::UnionIterator (Class),8,0
ExtensionFunctionResolver in <Default Package> (Class),2,0
TypedAttributeIterator in org::apache::xml::dtm::ref::DTMDefaultBaseIterators (Class),3,0
NthIterator in org::apache::xalan::xsltc::dom (Class),10,0
DTMNodeProxyImplementation in org::apache::xml::dtm::ref::DTMNodeProxy (Class),5,0
FuncExtElementAvailable in org::apache::xpath::functions (Class),2,0
SAX2SAX in <Default Package> (Class),1,0
FollowingSiblingIterator in org::apache::xml::dtm::ref::sax2dtm::SAX2DTM2 (Class),3,0
SimpleXSLTServlet in servlet (Class),3,0
NodeSetType in org::apache::xalan::xsltc::compiler::util (Class),21,1
anonymous(PrivilegedAction) in org::apache::xml::dtm::ref::SecuritySupport12.getSystemProperty() (Class),1,0
SAX2DTM in org::apache::xml::dtm::ref::sax2dtm (Class),76,3
SAX2RTFDTM in org::apache::xml::dtm::ref::sax2dtm (Class),10,0
XPathResolver in <Default Package> (Class),2,0
HasPositionalPredChecker in org::apache::xpath::axes (Class),5,1
anonymous(PrivilegedAction) in org::apache::xalan::xsltc::compiler::util::SecuritySupport12.getSystemProperty() (Class),1,0
ExtensionHandlerGeneral in org::apache::xalan::extensions (Class),7,0
Function in org::apache::xpath::functions (Class),9,1
RealExpr in org::apache::xalan::xsltc::compiler (Class),4,0
SourceTree in org::apache::xpath (Class),1,0
TraceManager in org::apache::xalan::trace (Class),19,0
DTMNodeProxy in org::apache::xml::dtm::ref (Class),121,11
XPATHErrorResources_ko in org::apache::xpath::res (Class),4,0
ApplyXSLTProperties in servlet (Class),11,0
DTMAxisIterator in org::apache::xml::dtm (Class),13,0
ElemComment in org::apache::xalan::templates (Class),5,0
DOMErrorHandlerImpl in org::apache::xml::serializer::dom3 (Class),2,0
StringOutputBuffer in org::apache::xalan::xsltc::runtime::output (Class),5,0
ElemExsltFunction in org::apache::xalan::templates (Class),5,0
Equals in org::apache::xpath::operations (Class),4,0
CharacterNodeHandler in org::apache::xml::dtm::ref::dom2dtm::DOM2DTM (Class),1,0
ElemTemplateElement in org::apache::xalan::templates (Class),89,10
WrappedRuntimeException in org::apache::xml::utils (Class),4,0
DOM3SerializerImpl in org::apache::xml::serializer::dom3 (Class),9,0
ProcessorGlobalVariableDecl in org::apache::xalan::processor (Class),4,0
NamespaceSupport2 in org::apache::xml::utils (Class),12,2
anonymous(PrivilegedAction) in org::apache::xml::dtm::SecuritySupport12.getResourceAsStream() (Class),1,0
NodeValueIterator in org::apache::xalan::xsltc::dom::MultiDOM (Class),10,0
SecuritySupport12 in org::apache::xalan::xsltc::compiler::util (Class),9,0
FunctionAvailableCall in org::apache::xalan::xsltc::compiler (Class),8,1
ProcessorText in org::apache::xalan::processor (Class),4,1
XResourceBundleBase in org::apache::xml::utils::res (Class),2,0
ErrorMessages_sl in org::apache::xalan::xsltc::runtime (Class),1,0
XPATHErrorResources_ja in org::apache::xpath::res (Class),4,0
XPathExpressionImpl in org::apache::xpath::jaxp (Class),14,0
KeyIterator in org::apache::xalan::transformer (Class),5,2
SerializerMessages_sl in org::apache::xml::serializer::utils (Class),1,0
ConfigurationError in org::apache::xalan::xsltc::cmdline::ObjectFactory (Class),3,0
anonymous(PrivilegedAction) in org::apache::xalan::xsltc::dom::SecuritySupport12.getParentClassLoader() (Class),1,0
DTMXRTreeFrag in org::apache::xpath::objects (Class),8,1
ApplyXSLTException in servlet (Class),13,2
JavaCupRedirect in org::apache::xalan::xsltc::util (Class),2,0
XSLTErrorResources_ca in org::apache::xalan::res (Class),4,0
XRTreeFrag in org::apache::xpath::objects (Class),19,0
Number in org::apache::xpath::operations (Class),4,0
ElemDesc in org::apache::xml::serializer (Class),6,0
Method in org::apache::xml::serializer (Class),2,0
Attribute in org::apache::xalan::templates::ElemLiteralResult (Class),46,3
XPATHErrorResources_sk in org::apache::xpath::res (Class),4,0
XML11Char in org::apache::xml::utils (Class),16,0
UnionPathIterator in org::apache::xpath::axes (Class),17,0
XMLErrorResources_pl in org::apache::xml::res (Class),4,0
ValidateXMLInput in <Default Package> (Class),3,2
TransformState in org::apache::xalan::transformer (Class),7,0
SAXSourceLocator in org::apache::xml::utils (Class),9,0
Closure in org::apache::xalan::xsltc::compiler (Class),4,3
ErrorMessages_sk in org::apache::xalan::xsltc::runtime (Class),1,0
TemplatesHandlerImpl in org::apache::xalan::xsltc::trax (Class),18,0
ErrorMessages_hu in org::apache::xalan::xsltc::compiler::util (Class),1,0
DTMDocumentImpl in org::apache::xml::dtm::ref (Class),111,3
XObjectFactory in org::apache::xpath::objects (Class),2,0
WrongNumberArgsException in org::apache::xpath::functions (Class),2,0
TypedPrecedingIterator in org::apache::xml::dtm::ref::sax2dtm::SAX2DTM2 (Class),2,0
FlowList in org::apache::xalan::xsltc::compiler (Class),11,1
ElemMessage in org::apache::xalan::templates (Class),6,0
anonymous(PrivilegedAction) in org::apache::xalan::xsltc::runtime::SecuritySupport12.getResourceAsStream() (Class),1,0
Filter in org::apache::xalan::xsltc::dom (Class),1,0
StringBufferPool in org::apache::xml::utils (Class),3,0
Prefixes in org::apache::xml::serializer::dom3::NamespaceSupport (Class),5,0
anonymous(PrivilegedAction) in org::apache::xml::dtm::SecuritySupport12.getSystemClassLoader() (Class),1,0
FuncDocument in org::apache::xalan::templates (Class),8,0
TrustedAgent in org::apache::xalan::client::XSLTProcessorApplet (Class),3,0
DOMHelper in org::apache::xml::utils (Class),26,1
ErrorMessages_zh in org::apache::xalan::xsltc::compiler::util (Class),1,0
DefaultSingleNodeCounter in org::apache::xalan::xsltc::dom::SingleNodeCounter (Class),3,0
ErrorMessages_it in org::apache::xalan::xsltc::runtime (Class),1,0
XPathVisitable in org::apache::xpath (Class),1,0
ErrorMessages_ja in org::apache::xalan::xsltc::runtime (Class),1,0
OpCodes in org::apache::xpath::compiler (Class),1,0
EndSelectionEvent in org::apache::xalan::trace (Class),1,0
FuncStringLength in org::apache::xpath::functions (Class),2,0
DTMException in org::apache::xml::dtm::ref::DTMNamedNodeMap (Class),3,0
ExtensionHandler in org::apache::xalan::extensions (Class),7,0
ElemAttribute in org::apache::xalan::templates (Class),8,0
TypedFollowingIterator in org::apache::xml::dtm::ref::sax2dtm::SAX2DTM2 (Class),2,0
PrefixForUriEnumerator in org::apache::xml::utils (Class),4,1
EmptySerializer in org::apache::xml::serializer (Class),98,4
DOM2SAX in org::apache::xalan::xsltc::trax (Class),26,0
anonymous(PrivilegedAction) in org::apache::xalan::xsltc::compiler::SecuritySupport12.getResourceAsStream() (Class),1,0
ChunksVector in org::apache::xml::dtm::ref::ChunkedIntArray (Class),5,0
DOM3Serializer in org::apache::xml::serializer (Class),6,0
XMLStringFactory in org::apache::xml::utils (Class),4,0
StringToStringTableVector in org::apache::xml::utils (Class),11,0
XPathFactoryImpl in org::apache::xpath::jaxp (Class),7,0
Number in org::apache::xalan::xsltc::compiler (Class),14,2
XMLErrorResources_de in org::apache::xml::res (Class),4,0
ErrorMsg in org::apache::xalan::xsltc::compiler::util (Class),18,0
ArgMultiOwner in org::apache::xpath::functions::FunctionMultiArgs (Class),3,0
Compiler in org::apache::xpath::compiler (Class),48,0
UnaryOperation in org::apache::xpath::operations (Class),11,0
anonymous(PrivilegedAction) in org::apache::xalan::xsltc::cmdline::SecuritySupport12.getSystemClassLoader() (Class),1,0
SingletonIterator in org::apache::xalan::xsltc::dom::SimpleResultTreeImpl (Class),7,1
SerializerMessages in org::apache::xml::serializer::utils (Class),1,0
StepIterator in org::apache::xalan::xsltc::dom (Class),9,0
AVTPart in org::apache::xalan::templates (Class),7,2
anonymous(PrivilegedAction) in org::apache::xpath::functions::SecuritySupport12.getSystemProperty() (Class),1,0
ButtonHandler in <Default Package>::TransformApplet::MessageFrame (Class),2,0
anonymous(PrivilegedAction) in org::apache::xml::serializer::SecuritySupport12.getSystemProperty() (Class),1,0
Examples in <Default Package> (Class),19,0
PrecedingSiblingIterator in org::apache::xml::dtm::ref::DTMDefaultBaseIterators (Class),4,1
StylesheetRoot in org::apache::xalan::templates (Class),60,4
Template in org::apache::xalan::xsltc::compiler (Class),26,12
StartsWithCall in org::apache::xalan::xsltc::compiler (Class),4,0
SerializationHandler in org::apache::xml::serializer (Class),10,0
Translet in org::apache::xalan::xsltc (Class),11,4
ElemExtensionScript in org::apache::xalan::templates (Class),7,2
XUnresolvedVariable in org::apache::xalan::templates (Class),7,0
UnImplNode in org::apache::xml::utils (Class),110,10
ErrorMessages_ru in org::apache::xalan::xsltc::runtime (Class),1,0
anonymous(PrivilegedAction) in org::apache::xalan::xsltc::compiler::util::SecuritySupport12.getContextClassLoader() (Class),1,0
SecuritySupport12 in org::apache::xalan::extensions (Class),9,0
Constants in org::apache::xalan::templates (Class),1,0
anonymous(Iterator) in org::apache::xalan::extensions::ExtensionNamespaceContext.getPrefixes() (Class),4,0
PrecedingAndAncestorTraverser in org::apache::xml::dtm::ref::DTMDefaultBaseTraversers (Class),3,0
ParentLocationPath in org::apache::xalan::xsltc::compiler (Class),12,4
SimpleResultTreeImpl in org::apache::xalan::xsltc::dom (Class),111,19
QName in org::apache::xalan::xsltc::compiler (Class),10,5
anonymous(org.w3c.dom.NodeList) in org::apache::xalan::xsltc::runtime::BasisLibrary.node2Iterator() (Class),2,0
XSLTErrorResources in org::apache::xalan::res (Class),4,0
DecimalFormatProperties in org::apache::xalan::templates (Class),28,2
anonymous(PrivilegedAction) in org::apache::xpath::functions::SecuritySupport12.getParentClassLoader() (Class),1,0
ApplyXPathDOM in <Default Package> (Class),5,1
XPathParser in org::apache::xpath::compiler (Class),60,25
ReferenceType in org::apache::xalan::xsltc::compiler::util (Class),20,1
XPathException in org::apache::xpath (Class),14,0
XNull in org::apache::xpath::objects (Class),9,0
XPATHErrorResources_it in org::apache::xpath::res (Class),4,0
ElemExtensionDecl in org::apache::xalan::templates (Class),15,0
FilterIterator in org::apache::xalan::xsltc::dom (Class),9,0
ElementAvailableCall in org::apache::xalan::xsltc::compiler (Class),5,1
NamespaceDeclsTraverser in org::apache::xml::dtm::ref::DTMDefaultBaseTraversers (Class),3,0
SerializerMessages_it in org::apache::xml::serializer::utils (Class),1,0
DupFilterIterator in org::apache::xalan::xsltc::dom (Class),9,0
DefaultApplyXSLTProperties in servlet (Class),13,3
NumberCall in org::apache::xalan::xsltc::compiler (Class),3,0
Stylesheet in org::apache::xalan::xsltc::compiler (Class),64,17
XRTreeFragSelectWrapper in org::apache::xpath::objects (Class),11,0
ParentTraverser in org::apache::xml::dtm::ref::DTMDefaultBaseTraversers (Class),5,0
OpMapVector in org::apache::xpath::compiler (Class),5,0
XSLTErrorResources_ja in org::apache::xalan::res (Class),4,0
XMLErrorResources_sk in org::apache::xml::res (Class),4,0
XMLString in org::apache::xml::utils (Class),38,1
CoroutineManager in org::apache::xml::dtm::ref (Class),7,1
FilterGenerator in org::apache::xalan::xsltc::compiler::util (Class),9,0
CastExpr in org::apache::xalan::xsltc::compiler (Class),9,1
Extensions in org::apache::xalan::lib (Class),11,0
anonymous(DTMAxisIteratorBase) in org::apache::xalan::xsltc::dom::SimpleResultTreeImpl.<Initializer>() (Class),9,0
DefaultErrorHandler in org::apache::xml::utils (Class),16,1
XResources_zh_TW in org::apache::xml::utils::res (Class),1,0
InternalAxisIteratorBase in org::apache::xml::dtm::ref::DTMDefaultBaseIterators (Class),3,0
ExsltDynamic in org::apache::xalan::lib (Class),7,0
XMLErrorResources_zh in org::apache::xml::res (Class),4,0
TraceListenerEx2 in org::apache::xalan::trace (Class),1,0
XNodeSetForDOM in org::apache::xpath::objects (Class),8,0
TransformerClient in org::apache::xalan::transformer (Class),1,0
DTMManager in org::apache::xml::dtm (Class),21,2
SimpleTransform in <Default Package> (Class),1,0
ElemVariablePsuedo in org::apache::xalan::templates (Class),4,1
ThreadController in org::apache::xml::utils::ThreadControllerWrapper (Class),3,1
XSLTErrorResources_zh in org::apache::xalan::res (Class),4,0
ObjectFactory in org::apache::xalan::lib::sql (Class),11,0
XSLTCSource in org::apache::xalan::xsltc::trax (Class),6,1
DOMOrder in org::apache::xml::utils (Class),1,1
ProcessorDecimalFormat in org::apache::xalan::processor (Class),3,0
Operators in org::apache::xalan::xsltc::runtime (Class),3,0
NotEqualComparator in org::apache::xpath::objects (Class),3,0
NumberFormatStringTokenizer in org::apache::xalan::transformer::NumeratorFormatter (Class),5,0
ProcessorOutputElem in org::apache::xalan::processor (Class),15,0
DOMAdapter in org::apache::xalan::xsltc::dom (Class),59,9
LastCall in org::apache::xalan::xsltc::compiler (Class),4,0
SQLErrorDocument in org::apache::xalan::lib::sql (Class),6,0
ErrorMessages_zh_TW in org::apache::xalan::xsltc::compiler::util (Class),1,0
StripWhitespaceFilter in org::apache::xalan::xsltc::dom (Class),1,0
RedundentExprEliminator in org::apache::xalan::templates (Class),39,0
ExtendedType in org::apache::xml::dtm::ref (Class),9,2
SerializerMessages_sv in org::apache::xml::serializer::utils (Class),1,0
RelativePathPattern in org::apache::xalan::xsltc::compiler (Class),1,0
QName in org::apache::xml::utils (Class),29,0
NodeValueIterator in org::apache::xalan::xsltc::dom::SAXImpl (Class),10,0
PsuedoNames in org::apache::xpath::compiler (Class),1,0
GreaterThanOrEqualComparator in org::apache::xpath::objects (Class),3,0
ErrorMessages_zh in org::apache::xalan::xsltc::runtime (Class),1,0
SubContextList in org::apache::xpath::axes (Class),2,0
XalanProperties in org::apache::xalan::transformer (Class),1,0
IncrementalSAXSource in org::apache::xml::dtm::ref (Class),5,0
KeyIndex in org::apache::xalan::xsltc::dom (Class),24,0
TypedChildrenIterator in org::apache::xml::dtm::ref::sax2dtm::SAX2DTM2 (Class),4,0
AncestorOrSelfTraverser in org::apache::xml::dtm::ref::DTMDefaultBaseTraversers (Class),3,0
SAXImpl in org::apache::xalan::xsltc::dom (Class),76,4
DOM2TO in org::apache::xalan::xsltc::trax (Class),23,0
SecuritySupport in org::apache::xalan::xsltc::cmdline (Class),11,1
ParentPattern in org::apache::xalan::xsltc::compiler (Class),8,0
SecuritySupport12 in org::apache::xalan::xsltc::compiler (Class),9,0
Lexer in org::apache::xpath::compiler (Class),11,0
BoolStack in org::apache::xml::serializer::utils (Class),13,0
XPathResultImpl in org::apache::xpath::domapi (Class),18,2
CoroutineParser in org::apache::xml::dtm::ref (Class),8,0
DecimalFormatting in org::apache::xalan::xsltc::compiler (Class),5,0
StylesheetComposed in org::apache::xalan::templates (Class),12,1
NamespaceAlias in org::apache::xalan::xsltc::compiler (Class),3,0
DOMStringListImpl in org::apache::xml::serializer::dom3 (Class),7,0
StripFilter in org::apache::xalan::xsltc (Class),1,0
Predicate in org::apache::xalan::xsltc::compiler (Class),24,9
DTM in org::apache::xml::dtm (Class),68,2
DOMConstants in org::apache::xml::serializer::dom3 (Class),1,0
FuncDoclocation in org::apache::xpath::functions (Class),2,0
AllFromNodeTraverser in org::apache::xml::dtm::ref::DTMDefaultBaseTraversers (Class),2,0
Trie in org::apache::xml::serializer::ToHTMLStream (Class),8,2
ChunkedIntArray in org::apache::xml::dtm::ref (Class),10,0
XMLErrorResources_sv in org::apache::xml::res (Class),2,0
AttributeSet in org::apache::xalan::xsltc::compiler (Class),8,2
anonymous(PrivilegedExceptionAction) in org::apache::xalan::lib::sql::SecuritySupport12.getFileInputStream() (Class),1,0
FunctionDef1Arg in org::apache::xpath::functions (Class),8,1
EncodingImpl in org::apache::xml::serializer::EncodingInfo (Class),5,0
anonymous(PrivilegedAction) in org::apache::xml::serializer::CharInfo.getCharInfoBasedOnPrivilege() (Class),1,0
TypedChildrenIterator in org::apache::xml::dtm::ref::DTMDefaultBaseIterators (Class),3,0
FuncBoolean in org::apache::xpath::functions (Class),2,0
anonymous(PrivilegedAction) in org::apache::xalan::lib::sql::SecuritySupport12.getContextClassLoader() (Class),1,0
CopyOf in org::apache::xalan::xsltc::compiler (Class),4,0
XslElement in org::apache::xalan::xsltc::compiler (Class),8,1
Type in org::apache::xalan::xsltc::compiler::util (Class),52,0
ConfigurationError in org::apache::xml::dtm::ref::ObjectFactory (Class),3,0
anonymous(PrivilegedExceptionAction) in org::apache::xml::utils::SecuritySupport12.getFileInputStream() (Class),1,0
AttributeValue in org::apache::xalan::xsltc::compiler (Class),1,0
ElemExsltFuncResult in org::apache::xalan::templates (Class),4,0
Fallback in org::apache::xalan::xsltc::compiler (Class),6,1
FunctionMultiArgs in org::apache::xpath::functions (Class),9,0
